AIT69,PT Batavia Prosperindo Aset Manajemen,BATAVIA DANA DINAMIS
AIT69,PT Batavia Prosperindo Aset Manajemen,BATAVIA DANA SAHAM
AIT69,PT Batavia Prosperindo Aset Manajemen,BATAVIA DANA SAHAM OPTIMAL
AIT69,PT Batavia Prosperindo Aset Manajemen,BATAVIA DANA SAHAM SYARIAH
AIT69,PT Insight Investments Management,RD HAJI SYARIAH I HAJJ
AIT69,PT. Bahana TCW Investment Management,REKSA DANA BAHANA DANA LIKUID
AIT69,PT. Bahana TCW Investment Management,REKSA DANA BAHANA PRIMAVERA 99 Kelas G
AIT69,PT. Bahana TCW Investment Management,REKSA DANA BAHANA PRIMAVERA PLUS
AIT69,PT Batavia Prosperindo Aset Manajemen,Reksa Dana Batavia Dana Kas Maxima
AIT69,PT Batavia Prosperindo Aset Manajemen,Reksa Dana Batavia Dana Likuid
AIT69,PT Batavia Prosperindo Aset Manajemen,REKSA DANA BATAVIA DANA OBLIGASI ULTIMA
AIT69,PT Batavia Prosperindo Aset Manajemen,REKSA DANA BATAVIA DISRUPTIVE EQUITY
AIT69,PT BNI Asset Management,REKSA DANA BNI AM DANA LIKUID
AIT69,PT BNI Asset Management,REKSA DANA BNIAM DANA LANCAR SYARIAH
AIT69,PT BNI Asset Management,REKSA DANA BNIAM DANA SAHAM INSPIRING EQUITY FUND
AIT69,PT BNI Asset Management,REKSA DANA BNIAM DANA SAHAM SYARIAH MUSAHAMAH
AIT69,PT CIPTADANA ASSET MANAGEMENT,REKSA DANA CIPTA BOND
AIT69,PT CIPTADANA ASSET MANAGEMENT,REKSA DANA CIPTA DANA CASH
AIT69,PT CIPTADANA ASSET MANAGEMENT,Reksa Dana Cipta Saham Unggulan
AIT69,PT CIPTADANA ASSET MANAGEMENT,REKSA DANA CIPTA SAKURA EQUITY
AIT69,PT Danakita Investama,REKSA DANA DANAKITA OBLIGASI NEGARA
AIT69,PT Danakita Investama,Reksa Dana Danakita Stabil Pasar Uang
AIT69,PT BRI MANAJEMEN INVESTASI,REKSA DANA DANAREKSA BRAWIJAYA ABADI PENDAPATAN TETAP
AIT69,PT BRI MANAJEMEN INVESTASI,REKSA DANA DANAREKSA MAWAR KONSUMER 10 KELAS A
AIT69,PT BRI MANAJEMEN INVESTASI,Reksa Dana Danareksa Melati Pendapatan Utama
AIT69,PT BRI MANAJEMEN INVESTASI,REKSA DANA DANAREKSA SERUNI PASAR UANG III
AIT69,PT BRI MANAJEMEN INVESTASI,REKSA DANA DANAREKSA SYARIAH SAHAM
AIT69,PT. Eastspring Investments Indonesia,REKSA DANA EASTSPRING IDR FIXED INCOME FUND KELAS A
AIT69,PT. Eastspring Investments Indonesia,REKSA DANA EASTSPRING INVESTMENTS CASH RESERVE KELAS A
AIT69,PT. Eastspring Investments Indonesia,REKSA DANA EASTSPRING INVESTMENTS IDR HIGH GRADE KELAS A
AIT69,PT. Eastspring Investments Indonesia,REKSA DANA EASTSPRING INVESTMENTS VALUE DISCOVERY KELAS A
AIT69,PT. Eastspring Investments Indonesia,REKSA DANA EASTSPRING INVESTMENTS YIELD DISCOVERY KELAS A
AIT69,PT Henan Putihrai Asset Management,REKSA DANA HPAM FLEXI PLUS
AIT69,PT Henan Putihrai Asset Management,REKSA DANA HPAM GOVERNMENT BOND
AIT69,PT Henan Putihrai Asset Management,REKSA DANA HPAM ULTIMA EKUITAS 1
AIT69,PT Henan Putihrai Asset Management,REKSA DANA HPAM ULTIMA MONEY MARKET
AIT69,PT BNI Asset Management,REKSA DANA INDEKS BNI AM INDEKS IDX GROWTH30 KELAS R1
AIT69,PT BNI Asset Management,REKSA DANA INDEKS BNI AM INDEKS IDX30
AIT69,PT BNI Asset Management,REKSA DANA INDEKS BNI AM SHORT DURATION BONDS INDEX KELAS R1
AIT69,PT BRI MANAJEMEN INVESTASI,REKSA DANA INDEKS DANAREKSA MSCI INDONESIA ESG SCREENED KELAS A
AIT69,PT. Eastspring Investments Indonesia,REKSA DANA INDEKS EASTSPRING IDX ESG LEADERS PLUS KELAS A
AIT69,PT Insight Investments Management,REKSA DANA INDEKS INSIGHT SRI KEHATI LIKUID I SRI LIKUID
AIT69,PT Principal Asset Management,REKSA DANA INDEKS PRINCIPAL INDEX IDX30 KELAS O
AIT69,PT SYAILENDRA CAPITAL,REKSA DANA INDEKS SYAILENDRA MSCI INDONESIA VALUE INDEX FUND KELAS A
AIT69,PT Trimegah Asset Management,REKSA DANA INDEKS TRIMEGAH FTSE INDONESIA LOW VOLATILITY FACTOR INDEX
AIT69,PT. UOB Asset Management Indonesia,REKSA DANA INDEKS UOBAM INDEKS BISNIS 27
AIT69,PT Insight Investments Management,Reksa Dana Insight Retail Cash Fund
AIT69,PT BNI Asset Management,REKSA DANA PENDAPATAN TETAP BNI AM QUALITY LONG DURATION FUND
AIT69,PT. UOB Asset Management Indonesia,REKSA DANA PENDAPATAN TETAP UOBAM INOVASI OBLIGASI NASIONAL
AIT69,PT Principal Asset Management,REKSA DANA PRINCIPAL BALANCED STRATEGIC PLUS
AIT69,PT Principal Asset Management,REKSA DANA PRINCIPAL CASH FUND
AIT69,PT Principal Asset Management,REKSA DANA PRINCIPAL INDO DOMESTIC EQUITY FUND
AIT69,PT Principal Asset Management,REKSA DANA PRINCIPAL ISLAMIC EQUITY GROWTH SYARIAH
AIT69,PT Principal Asset Management,REKSA DANA PRINCIPAL SMART EQUITY FUND
AIT69,PT Principal Asset Management,REKSA DANA PRINCIPAL TOTAL RETURN BOND FUND
AIT69,PT Principal Asset Management,REKSA DANA PRINCIPAL TOTAL RETURN EQUITY FUND KELAS O
AIT69,PT CIPTADANA ASSET MANAGEMENT,REKSA DANA RENCANA CERDAS
AIT69,PT BNI Asset Management,REKSA DANA SAHAM BNIAM MAHOGANY
AIT69,PT. Eastspring Investments Indonesia,REKSA DANA SAHAM EASTSPRING INVESTMENTS ALPHA NAVIGATOR KELAS A
AIT69,PT. UOB Asset Management Indonesia,REKSA DANA SAHAM UOBAM SUSTAINABLE EQUITY INDONESIA D
AIT69,PT Samuel Aset Manajemen,Reksa Dana SAM Dana Kas
AIT69,PT Samuel Aset Manajemen,REKSA DANA SAM INDONESIAN EQUITY FUND
AIT69,PT Samuel Aset Manajemen,Reksa Dana SAM Mutiara Nusa Campuran
AIT69,PT Samuel Aset Manajemen,REKSA DANA SAM SUKUK SYARIAH SEJAHTERA
AIT69,PT Sequis Aset Manajemen,Reksa Dana Sequis Balance Ultima
AIT69,PT Sequis Aset Manajemen,Reksa Dana Sequis Bond Optima
AIT69,PT Sequis Aset Manajemen,Reksa Dana Sequis Equity Maxima
AIT69,PT Sequis Aset Manajemen,Reksa Dana Sequis Liquid Prima
AIT69,PT. Setiabudi Investment Management,REKSA DANA SETIABUDI DANA CAMPURAN
AIT69,PT. Setiabudi Investment Management,REKSA DANA SETIABUDI DANA PASAR UANG
AIT69,PT SYAILENDRA CAPITAL,REKSA DANA SYAILENDRA BALANCED OPPORTUNITY FUND KELAS A
AIT69,PT SYAILENDRA CAPITAL,REKSA DANA SYAILENDRA DANA KAS
AIT69,PT SYAILENDRA CAPITAL,REKSA DANA SYAILENDRA EQUITY OPPORTUNITY FUND KELAS A
AIT69,PT SYAILENDRA CAPITAL,REKSA DANA SYAILENDRA FIXED INCOME FUND
AIT69,PT. Bahana TCW Investment Management,REKSA DANA SYARIAH BAHANA LIKUID SYARIAH KELAS G
AIT69,PT. Bahana TCW Investment Management,REKSA DANA SYARIAH BAHANA MES SYARIAH FUND Kelas G
AIT69,PT Batavia Prosperindo Aset Manajemen,REKSA DANA SYARIAH BATAVIA DANA KAS SYARIAH
AIT69,PT BNI Asset Management,REKSA DANA SYARIAH BNI AM DANA PENDAPATAN TETAP SYARIAH ARDHANI
AIT69,PT CIPTADANA ASSET MANAGEMENT,REKSA DANA SYARIAH CIPTA DANA KAS SYARIAH
AIT69,PT CIPTADANA ASSET MANAGEMENT,REKSA DANA SYARIAH CIPTA SAHAM UNGGULAN SYARIAH
AIT69,PT. Eastspring Investments Indonesia,REKSA DANA SYARIAH EASTSPRING SYARIAH EQUITY ISLAMIC ASIA PACIFIC USD KELAS A
AIT69,PT. Eastspring Investments Indonesia,REKSA DANA SYARIAH EASTSPRING SYARIAH FIXED INCOME AMANAH KELAS A
AIT69,PT. Eastspring Investments Indonesia,REKSA DANA SYARIAH EASTSPRING SYARIAH FIXED INCOME USD KELAS A
AIT69,PT. Eastspring Investments Indonesia,REKSA DANA SYARIAH EASTSPRING SYARIAH GREATER CHINA EQUITY USD KELAS A
AIT69,PT. Eastspring Investments Indonesia,REKSA DANA SYARIAH EASTSPRING SYARIAH MONEY MARKET KHAZANAH KELAS A
AIT69,PT Principal Asset Management,REKSA DANA SYARIAH PRINCIPAL CASH FUND SYARIAH 2
AIT69,PT Principal Asset Management,REKSA DANA SYARIAH PRINCIPAL INCOME FUND SYARIAH
AIT69,PT Trimegah Asset Management,REKSA DANA SYARIAH TERPROTEKSI TRIMEGAH TERPROTEKSI PRIMA SYARIAH
AIT69,PT CIPTADANA ASSET MANAGEMENT,REKSA DANA TERPROTEKSI CIPTA PROTEKSI XXV
AIT69,PT CIPTADANA ASSET MANAGEMENT,REKSA DANA TERPROTEKSI CIPTA PROTEKSI XXVI
AIT69,PT Trimegah Asset Management,REKSA DANA TERPROTEKSI TRIMEGAH TERPROTEKSI FUTURA 27
AIT69,PT Trimegah Asset Management,Reksa Dana TRIM Dana Tetap 2
AIT69,PT Trimegah Asset Management,REKSA DANA TRIM KAPITAL PLUS
AIT69,PT Trimegah Asset Management,REKSA DANA TRIM KAS 2 KELAS A
AIT69,PT Trimegah Asset Management,REKSA DANA TRIM KOMBINASI 2
AIT69,PT Trimegah Asset Management,REKSA DANA TRIM SYARIAH BERIMBANG
AIT69,PT Trimegah Asset Management,REKSA DANA TRIM SYARIAH SAHAM
AIT69,PT Trimegah Asset Management,REKSA DANA TRIMEGAH BALANCED ABSOLUTE STRATEGY KELAS A
AIT69,PT Trimegah Asset Management,REKSA DANA TRIMEGAH DANA KAS 1
AIT69,PT Trimegah Asset Management,REKSA DANA TRIMEGAH FIXED INCOME PLAN
AIT69,PT Trimegah Asset Management,REKSA DANA TRIMEGAH KAS SYARIAH
AIT69,PT. UOB Asset Management Indonesia,REKSA DANA UOBAM ESG PASAR UANG INDONESIA
AIT69,PT Danakita Investama,REKSADANA DANAKITA INVESTASI FLEKSIBEL
AIT69,PT Danakita Investama,REKSADANA DANAKITA SAHAM PRIORITAS
AIT69,PT Trimegah Asset Management,TRIM Kapital
