PTAldiracitaSekuritasIndonesia,PT Sinarmas Asset Management,Danamas Pasti
PTAldiracitaSekuritasIndonesia,PT Sinarmas Asset Management,DANAMAS RUPIAH PLUS
PTAldiracitaSekuritasIndonesia,PT Sinarmas Asset Management,DANAMAS STABIL
PTAldiracitaSekuritasIndonesia,PT Pinnacle Persada Investama,RD SYARIAH PINNACLE SHARIA MONEY MARKET FUND
PTAldiracitaSekuritasIndonesia,PT. Bahana TCW Investment Management,REKSA DANA BAHANA DANA LIKUID
PTAldiracitaSekuritasIndonesia,PT CIPTADANA ASSET MANAGEMENT,REKSA DANA CIPTA DANA CASH
PTAldiracitaSekuritasIndonesia,PT CIPTADANA ASSET MANAGEMENT,Reksa Dana Cipta Saham Unggulan
PTAldiracitaSekuritasIndonesia,PT CIPTADANA ASSET MANAGEMENT,REKSA DANA CIPTA SYARIAH BALANCE
PTAldiracitaSekuritasIndonesia,PT CIPTADANA ASSET MANAGEMENT,REKSA DANA CIPTA SYARIAH EQUITY
PTAldiracitaSekuritasIndonesia,PT Sinarmas Asset Management,REKSA DANA DANAMAS DOLLAR
PTAldiracitaSekuritasIndonesia,PT BRI MANAJEMEN INVESTASI,REKSA DANA DANAREKSA ANGGREK FLEKSIBEL
PTAldiracitaSekuritasIndonesia,PT BRI MANAJEMEN INVESTASI,REKSA DANA DANAREKSA MAWAR
PTAldiracitaSekuritasIndonesia,PT BRI MANAJEMEN INVESTASI,REKSA DANA DANAREKSA MAWAR FOKUS 10
PTAldiracitaSekuritasIndonesia,PT BRI MANAJEMEN INVESTASI,REKSA DANA DANAREKSA MAWAR KONSUMER 10 KELAS A
PTAldiracitaSekuritasIndonesia,PT BRI MANAJEMEN INVESTASI,Reksa Dana Danareksa Melati Pendapatan Utama
PTAldiracitaSekuritasIndonesia,PT BRI MANAJEMEN INVESTASI,REKSA DANA DANAREKSA MELATI PREMIUM DOLLAR
PTAldiracitaSekuritasIndonesia,PT BRI MANAJEMEN INVESTASI,REKSA DANA DANAREKSA SERUNI PASAR UANG II KELAS A
PTAldiracitaSekuritasIndonesia,PT BRI MANAJEMEN INVESTASI,REKSA DANA DANAREKSA SYARIAH BERIMBANG
PTAldiracitaSekuritasIndonesia,PT BRI MANAJEMEN INVESTASI,REKSA DANA DANAREKSA SYARIAH SAHAM
PTAldiracitaSekuritasIndonesia,PT Henan Putihrai Asset Management,REKSA DANA HPAM FLEXI PLUS
PTAldiracitaSekuritasIndonesia,PT Henan Putihrai Asset Management,REKSA DANA HPAM ULTIMA EKUITAS 1
PTAldiracitaSekuritasIndonesia,PT Henan Putihrai Asset Management,REKSA DANA HPAM ULTIMA MONEY MARKET
PTAldiracitaSekuritasIndonesia,PT KISI Asset Management,REKSA DANA KISI EQUITY FUND
PTAldiracitaSekuritasIndonesia,PT KISI Asset Management,REKSA DANA KISI FIXED INCOME FUND
PTAldiracitaSekuritasIndonesia,PT KISI Asset Management,REKSA DANA KISI MONEY MARKET FUND
PTAldiracitaSekuritasIndonesia,PT Mega Asset Management,REKSA DANA MEGA ASSET MULTICASH
PTAldiracitaSekuritasIndonesia,PT Sucorinvest Asset Management,Reksa Dana Pendapatan Tetap Reksa Dana Sucorinvest Bond Fund
PTAldiracitaSekuritasIndonesia,PT Pinnacle Persada Investama,REKSA DANA PINNACLE MONEY MARKET FUND
PTAldiracitaSekuritasIndonesia,PT Indo Premier Investment Management,REKSA DANA PREMIER PASAR UANG II
PTAldiracitaSekuritasIndonesia,PT CIPTADANA ASSET MANAGEMENT,REKSA DANA RENCANA CERDAS
PTAldiracitaSekuritasIndonesia,PT SEMESTA ASET MANAJEMEN,REKSA DANA SEMESTA DANA KAS
PTAldiracitaSekuritasIndonesia,PT SEMESTA ASET MANAJEMEN,REKSA DANA SEMESTA DANA MAXIMA
PTAldiracitaSekuritasIndonesia,PT SEMESTA ASET MANAJEMEN,REKSA DANA SEMESTA DANA SAHAM
PTAldiracitaSekuritasIndonesia,PT Shinhan Asset Management Indonesia,Reksa Dana Shinhan Balance Fund
PTAldiracitaSekuritasIndonesia,PT Shinhan Asset Management Indonesia,Reksa Dana Shinhan Equity Growth
PTAldiracitaSekuritasIndonesia,PT Shinhan Asset Management Indonesia,REKSA DANA SHINHAN FIXED INCOME FUND
PTAldiracitaSekuritasIndonesia,PT Sinarmas Asset Management,REKSA DANA SIMAS DANAMAS INSTRUMEN NEGARA
PTAldiracitaSekuritasIndonesia,PT Sinarmas Asset Management,REKSA DANA SIMAS DANAMAS SAHAM
PTAldiracitaSekuritasIndonesia,PT Sinarmas Asset Management,REKSA DANA SIMAS SAHAM BERTUMBUH
PTAldiracitaSekuritasIndonesia,PT Sinarmas Asset Management,REKSA DANA SIMAS SAHAM MAKSIMA
PTAldiracitaSekuritasIndonesia,PT Sinarmas Asset Management,REKSA DANA SIMAS SAHAM UNGGULAN
PTAldiracitaSekuritasIndonesia,PT Sinarmas Asset Management,REKSA DANA SIMAS SATU
PTAldiracitaSekuritasIndonesia,PT Sinarmas Asset Management,REKSA DANA SIMAS SATU PRIMA
PTAldiracitaSekuritasIndonesia,PT Surya Timur Alam Raya Asset Management,Reksa Dana STAR Balanced II
PTAldiracitaSekuritasIndonesia,PT Surya Timur Alam Raya Asset Management,REKSA DANA STAR FIXED INCOME DOLLAR
PTAldiracitaSekuritasIndonesia,PT Surya Timur Alam Raya Asset Management,REKSA DANA STAR MONEY MARKET KELAS UTAMA
PTAldiracitaSekuritasIndonesia,PT Surya Timur Alam Raya Asset Management,REKSA DANA STAR STABLE INCOME FUND
PTAldiracitaSekuritasIndonesia,PT Surya Timur Alam Raya Asset Management,REKSA DANA STAR SUSTAINABLE EQUITY
PTAldiracitaSekuritasIndonesia,PT Sucorinvest Asset Management,Reksa Dana Sucorinvest Equity Fund
PTAldiracitaSekuritasIndonesia,PT Sucorinvest Asset Management,Reksa Dana Sucorinvest Maxi Fund
PTAldiracitaSekuritasIndonesia,PT Sucorinvest Asset Management,Reksa Dana Sucorinvest Money Market Fund
PTAldiracitaSekuritasIndonesia,PT Sucorinvest Asset Management,Reksa Dana Sucorinvest Sharia Equity Fund
PTAldiracitaSekuritasIndonesia,PT SYAILENDRA CAPITAL,REKSA DANA SYAILENDRA DANA KAS
PTAldiracitaSekuritasIndonesia,PT SYAILENDRA CAPITAL,REKSA DANA SYAILENDRA FIXED INCOME FUND
PTAldiracitaSekuritasIndonesia,PT. Bahana TCW Investment Management,REKSA DANA SYARIAH BAHANA LIKUID SYARIAH KELAS G
PTAldiracitaSekuritasIndonesia,PT. Bahana TCW Investment Management,REKSA DANA SYARIAH BAHANA LIKUID SYARIAH KELAS S
PTAldiracitaSekuritasIndonesia,PT CIPTADANA ASSET MANAGEMENT,REKSA DANA SYARIAH CIPTA DANA KAS SYARIAH
PTAldiracitaSekuritasIndonesia,PT CIPTADANA ASSET MANAGEMENT,REKSA DANA SYARIAH CIPTA SAHAM UNGGULAN SYARIAH
PTAldiracitaSekuritasIndonesia,PT Surya Timur Alam Raya Asset Management,REKSA DANA SYARIAH STAR SHARIA MONEY MARKET
PTAldiracitaSekuritasIndonesia,PT SYAILENDRA CAPITAL,Reksa Dana Syariah Syailendra Sharia Money Market Fund
PTAldiracitaSekuritasIndonesia,PT CIPTADANA ASSET MANAGEMENT,REKSA DANA TERPROTEKSI CIPTA PROTEKSI XXV
PTAldiracitaSekuritasIndonesia,PT Surya Timur Alam Raya Asset Management,REKSA DANA TERPROTEKSI STAR PROTECTED 22
PTAldiracitaSekuritasIndonesia,PT Surya Timur Alam Raya Asset Management,REKSA DANA TERPROTEKSI STAR PROTECTED XIV
PTAldiracitaSekuritasIndonesia,PT Trimegah Asset Management,REKSA DANA TRAM CONSUMPTION PLUS KELAS A
PTAldiracitaSekuritasIndonesia,PT Trimegah Asset Management,Reksa Dana TRAM Strategic Plus
PTAldiracitaSekuritasIndonesia,PT Trimegah Asset Management,Reksa Dana TRIM Dana Tetap 2
PTAldiracitaSekuritasIndonesia,PT Trimegah Asset Management,REKSA DANA TRIM KAS 2 KELAS A
PTAldiracitaSekuritasIndonesia,PT Trimegah Asset Management,REKSA DANA TRIM SYARIAH BERIMBANG
PTAldiracitaSekuritasIndonesia,PT Trimegah Asset Management,REKSA DANA TRIM SYARIAH SAHAM
PTAldiracitaSekuritasIndonesia,PT Trimegah Asset Management,REKSA DANA TRIMEGAH KAS SYARIAH
PTAldiracitaSekuritasIndonesia,PT Shinhan Asset Management Indonesia,REKSADANA SHINHAN MONEY MARKET FUND
