PTBankBukopinTbk,PT Manulife Aset Manajemen Indonesia,Reksa Dana Manulife Dana Campuran II
PTBankBukopinTbk,PT Manulife Aset Manajemen Indonesia,REKSA DANA MANULIFE DANA KAS II KELAS A
PTBankBukopinTbk,PT Manulife Aset Manajemen Indonesia,REKSA DANA MANULIFE DANA SAHAM KELAS A
PTBankBukopinTbk,PT Manulife Aset Manajemen Indonesia,Reksa Dana Manulife Dana Tumbuh Berimbang
PTBankBukopinTbk,PT Manulife Aset Manajemen Indonesia,REKSA DANA MANULIFE OBLIGASI NEGARA INDONESIA II Kelas A
PTBankBukopinTbk,PT Manulife Aset Manajemen Indonesia,Reksa Dana Manulife Pendapatan Bulanan II
PTBankBukopinTbk,PT Manulife Aset Manajemen Indonesia,Reksa Dana Manulife Saham Andalan
PTBankBukopinTbk,PT Trimegah Asset Management,REKSA DANA TRIM KAS 2 KELAS A
PTBankBukopinTbk,PT Trimegah Asset Management,REKSA DANA TRIM KOMBINASI 2
PTBankBukopinTbk,PT VALBURY CAPITAL MANAGEMENT,REKSA DANA VALBURY INVESTASI BERIMBANG
