PTBareksaPortalInvestasi,PT Avrist Asset Management,Avrist Balanced Amar Syariah
PTBareksaPortalInvestasi,PT Avrist Asset Management,Avrist Equity Amar Syariah
PTBareksaPortalInvestasi,PT Avrist Asset Management,Avrist Equity Cross Sectoral
PTBareksaPortalInvestasi,PT Batavia Prosperindo Aset Manajemen,BATAVIA DANA SAHAM
PTBareksaPortalInvestasi,PT Batavia Prosperindo Aset Manajemen,BATAVIA DANA SAHAM OPTIMAL
PTBareksaPortalInvestasi,PT Batavia Prosperindo Aset Manajemen,BATAVIA DANA SAHAM SYARIAH
PTBareksaPortalInvestasi,PT Sinarmas Asset Management,DANAMAS RUPIAH PLUS
PTBareksaPortalInvestasi,PT Mega Asset Management,MEGA ASSET MANTAP PLUS
PTBareksaPortalInvestasi,PT Mega Asset Management,MEGA DANA KAS
PTBareksaPortalInvestasi,PT NARADA ASET MANAJEMEN,Narada Saham Indonesia
PTBareksaPortalInvestasi,PT. Phillip Asset Management,Phillip Money Market Fund
PTBareksaPortalInvestasi,PT. Phillip Asset Management,Phillip Rupiah Balanced Fund
PTBareksaPortalInvestasi,PT Insight Investments Management,RD HAJI SYARIAH I HAJJ
PTBareksaPortalInvestasi,PT Allianz Global Investors Asset Management Indonesia,REKSA DANA ALLIANZ ALPHA SECTOR ROTATION
PTBareksaPortalInvestasi,PT Allianz Global Investors Asset Management Indonesia,REKSA DANA ALLIANZ FIXED INCOME FUND 2
PTBareksaPortalInvestasi,PT Allianz Global Investors Asset Management Indonesia,REKSA DANA ALLIANZ RUPIAH LIQUID FUND
PTBareksaPortalInvestasi,PT Allianz Global Investors Asset Management Indonesia,REKSA DANA ALLIANZ USD FIXED INCOME FUND
PTBareksaPortalInvestasi,PT Ashmore Asset Management Indonesia,Reksa Dana Ashmore Dana Obligasi Nusantara
PTBareksaPortalInvestasi,PT Aurora Asset Management,REKSA DANA AURORA DANA EKUITAS
PTBareksaPortalInvestasi,PT Avrist Asset Management,REKSA DANA AVRIST ADA KAS MUTIARA
PTBareksaPortalInvestasi,PT Avrist Asset Management,REKSA DANA AVRIST ADA SAHAM BLUE SAFIR
PTBareksaPortalInvestasi,PT Avrist Asset Management,REKSA DANA AVRIST PRIME BOND FUND
PTBareksaPortalInvestasi,PT. Bahana TCW Investment Management,REKSA DANA BAHANA DANA INFRASTRUKTUR
PTBareksaPortalInvestasi,PT. Bahana TCW Investment Management,REKSA DANA BAHANA DANA LIKUID
PTBareksaPortalInvestasi,PT. Bahana TCW Investment Management,REKSA DANA BAHANA OBLIGASI GANESHA KELAS G
PTBareksaPortalInvestasi,PT. Bahana TCW Investment Management,REKSA DANA BAHANA OBLIGASI KEHATI LESTARI KELAS G
PTBareksaPortalInvestasi,PT. Bahana TCW Investment Management,REKSA DANA BAHANA PRIMAVERA PLUS
PTBareksaPortalInvestasi,PT. Bahana TCW Investment Management,REKSA DANA BAHANA TRAILBLAZER FUND
PTBareksaPortalInvestasi,PT Sucorinvest Asset Management,Reksa Dana Balanced Fund Sucorinvest Anak Pintar
PTBareksaPortalInvestasi,PT Batavia Prosperindo Aset Manajemen,Reksa Dana Batavia Dana Kas Maxima
PTBareksaPortalInvestasi,PT Batavia Prosperindo Aset Manajemen,Reksa Dana Batavia Dana Likuid
PTBareksaPortalInvestasi,PT Batavia Prosperindo Aset Manajemen,REKSA DANA BATAVIA DANA OBLIGASI ULTIMA
PTBareksaPortalInvestasi,PT Batavia Prosperindo Aset Manajemen,REKSA DANA BATAVIA DISRUPTIVE EQUITY
PTBareksaPortalInvestasi,PT Batavia Prosperindo Aset Manajemen,Reksa Dana Batavia USD Balanced Asia
PTBareksaPortalInvestasi,PT BNI Asset Management,REKSA DANA BNI AM DANA LIKUID
PTBareksaPortalInvestasi,PT BNI Asset Management,Reksa Dana BNI AM Dana Pendapatan Tetap Makara Investasi
PTBareksaPortalInvestasi,PT BNI Asset Management,REKSA DANA BNIAM DANA PASAR UANG KEMILAU
PTBareksaPortalInvestasi,PT BNI Asset Management,REKSA DANA BNIAM DANA SAHAM INSPIRING EQUITY FUND
PTBareksaPortalInvestasi,PT. BNP Paribas Asset Management,REKSA DANA BNP PARIBAS EKUITAS
PTBareksaPortalInvestasi,PT. BNP Paribas Asset Management,REKSA DANA BNP PARIBAS EQUITRA CAMPURAN HARMONI
PTBareksaPortalInvestasi,PT. BNP Paribas Asset Management,REKSA DANA BNP PARIBAS INDONESIA ESG EQUITY KELAS RK1
PTBareksaPortalInvestasi,PT. BNP Paribas Asset Management,REKSA DANA BNP PARIBAS INFRASTRUKTUR PLUS
PTBareksaPortalInvestasi,PT. BNP Paribas Asset Management,REKSA DANA BNP PARIBAS OMEGA
PTBareksaPortalInvestasi,PT. BNP Paribas Asset Management,REKSA DANA BNP PARIBAS PESONA
PTBareksaPortalInvestasi,PT. BNP Paribas Asset Management,REKSA DANA BNP PARIBAS PRIMA II KELAS RK1
PTBareksaPortalInvestasi,PT. BNP Paribas Asset Management,REKSA DANA BNP PARIBAS PRIMA USD KELAS RK1
PTBareksaPortalInvestasi,PT. BNP Paribas Asset Management,REKSA DANA BNP PARIBAS RUPIAH PLUS
PTBareksaPortalInvestasi,PT. BNP Paribas Asset Management,REKSA DANA BNP PARIBAS SOLARIS
PTBareksaPortalInvestasi,PT. BNP Paribas Asset Management,REKSA DANA BNP PARIBAS SPEKTRA
PTBareksaPortalInvestasi,PT Capital Asset Management,REKSA DANA CAPITAL FIXED INCOME FUND
PTBareksaPortalInvestasi,PT Capital Asset Management,REKSA DANA CAPITAL MONEY MARKET FUND
PTBareksaPortalInvestasi,PT Capital Asset Management,REKSA DANA CAPITAL OPTIMAL CASH
PTBareksaPortalInvestasi,PT Capital Asset Management,REKSA DANA CAPITAL OPTIMAL EQUITY
PTBareksaPortalInvestasi,PT CIPTADANA ASSET MANAGEMENT,REKSA DANA CIPTA BOND
PTBareksaPortalInvestasi,PT CIPTADANA ASSET MANAGEMENT,REKSA DANA CIPTA DANA CASH
PTBareksaPortalInvestasi,PT CIPTADANA ASSET MANAGEMENT,REKSA DANA CIPTA DINAMIKA
PTBareksaPortalInvestasi,PT CIPTADANA ASSET MANAGEMENT,Reksa Dana Cipta Ovo Ekuitas
PTBareksaPortalInvestasi,PT CIPTADANA ASSET MANAGEMENT,Reksa Dana Cipta Sakura Cash
PTBareksaPortalInvestasi,PT CIPTADANA ASSET MANAGEMENT,REKSA DANA CIPTA SAKURA EQUITY
PTBareksaPortalInvestasi,PT CIPTADANA ASSET MANAGEMENT,REKSA DANA CIPTA SYARIAH BALANCE
PTBareksaPortalInvestasi,PT CIPTADANA ASSET MANAGEMENT,REKSA DANA CIPTA SYARIAH EQUITY
PTBareksaPortalInvestasi,PT Pratama Capital Assets Management,REKSA DANA DANA PRATAMA EKUITAS
PTBareksaPortalInvestasi,PT BRI MANAJEMEN INVESTASI,REKSA DANA DANAREKSA ANGGREK FLEKSIBEL
PTBareksaPortalInvestasi,PT BRI MANAJEMEN INVESTASI,REKSA DANA DANAREKSA INDEKS SYARIAH
PTBareksaPortalInvestasi,PT BRI MANAJEMEN INVESTASI,REKSA DANA DANAREKSA MAWAR
PTBareksaPortalInvestasi,PT BRI MANAJEMEN INVESTASI,REKSA DANA DANAREKSA MAWAR KONSUMER 10 KELAS A
PTBareksaPortalInvestasi,PT BRI MANAJEMEN INVESTASI,Reksa Dana Danareksa Melati Pendapatan Tetap Utama
PTBareksaPortalInvestasi,PT BRI MANAJEMEN INVESTASI,Reksa Dana Danareksa Melati Pendapatan Utama
PTBareksaPortalInvestasi,PT BRI MANAJEMEN INVESTASI,REKSA DANA DANAREKSA SERUNI PASAR UANG II KELAS A
PTBareksaPortalInvestasi,PT BRI MANAJEMEN INVESTASI,REKSA DANA DANAREKSA SERUNI PASAR UANG III
PTBareksaPortalInvestasi,PT. Eastspring Investments Indonesia,REKSA DANA EASTSPRING IDR FIXED INCOME FUND KELAS A
PTBareksaPortalInvestasi,PT. Eastspring Investments Indonesia,REKSA DANA EASTSPRING INVESTMENTS CASH RESERVE KELAS A
PTBareksaPortalInvestasi,PT. Eastspring Investments Indonesia,REKSA DANA EASTSPRING INVESTMENTS IDR HIGH GRADE KELAS A
PTBareksaPortalInvestasi,PT. Eastspring Investments Indonesia,REKSA DANA EASTSPRING INVESTMENTS VALUE DISCOVERY KELAS A
PTBareksaPortalInvestasi,PT Henan Putihrai Asset Management,REKSA DANA HPAM FLEXI PLUS
PTBareksaPortalInvestasi,PT Henan Putihrai Asset Management,REKSA DANA HPAM SYARIAH EKUITAS
PTBareksaPortalInvestasi,PT Henan Putihrai Asset Management,REKSA DANA HPAM ULTIMA EKUITAS 1
PTBareksaPortalInvestasi,PT Henan Putihrai Asset Management,REKSA DANA HPAM ULTIMA MONEY MARKET
PTBareksaPortalInvestasi,PT Allianz Global Investors Asset Management Indonesia,REKSA DANA INDEKS ALLIANZ SRI KEHATI INDEX FUND
PTBareksaPortalInvestasi,PT Avrist Asset Management,REKSA DANA INDEKS AVRIST IDX30
PTBareksaPortalInvestasi,PT Avrist Asset Management,REKSA DANA INDEKS AVRIST INDEKS LQ45
PTBareksaPortalInvestasi,PT BNI Asset Management,REKSA DANA INDEKS BNI AM INDEKS IDX30
PTBareksaPortalInvestasi,PT. BNP Paribas Asset Management,REKSA DANA INDEKS BNP PARIBAS IDX GROWTH30
PTBareksaPortalInvestasi,PT. BNP Paribas Asset Management,Reksa Dana Indeks BNP Paribas Sri Kehati
PTBareksaPortalInvestasi,PT BRI MANAJEMEN INVESTASI,REKSA DANA INDEKS DANAREKSA MSCI INDONESIA ESG SCREENED KELAS A
PTBareksaPortalInvestasi,PT MANDIRI MANAJEMEN INVESTASI,REKSA DANA INDEKS MANDIRI INDEKS FTSE INDONESIA ESG KELAS A
PTBareksaPortalInvestasi,PT Principal Asset Management,REKSA DANA INDEKS PRINCIPAL INDEX IDX30
PTBareksaPortalInvestasi,PT Principal Asset Management,REKSA DANA INDEKS PRINCIPAL INDEX IDX30 KELAS O
PTBareksaPortalInvestasi,PT SYAILENDRA CAPITAL,REKSA DANA INDEKS SYAILENDRA MSCI INDONESIA VALUE INDEX FUND KELAS A
PTBareksaPortalInvestasi,PT Trimegah Asset Management,REKSA DANA INDEKS TRIMEGAH FTSE INDONESIA LOW VOLATILITY FACTOR INDEX
PTBareksaPortalInvestasi,PT. UOB Asset Management Indonesia,REKSA DANA INDEKS UOBAM INDEKS BISNIS 27
PTBareksaPortalInvestasi,PT MANDIRI MANAJEMEN INVESTASI,REKSA DANA INVESTA DANA DOLLAR MANDIRI
PTBareksaPortalInvestasi,PT Jarvis Aset Manajemen,REKSA DANA JARVIS BALANCED FUND
PTBareksaPortalInvestasi,PT Jarvis Aset Manajemen,REKSA DANA JARVIS MONEY MARKET FUND
PTBareksaPortalInvestasi,PT KISI Asset Management,REKSA DANA KISI EQUITY FUND
PTBareksaPortalInvestasi,PT KISI Asset Management,REKSA DANA KISI FIXED INCOME FUND
PTBareksaPortalInvestasi,PT KISI Asset Management,REKSA DANA KISI MONEY MARKET FUND
PTBareksaPortalInvestasi,PT Kresna Asset Management,REKSA DANA KRESNA FLEXIMA
PTBareksaPortalInvestasi,PT Kresna Asset Management,REKSA DANA KRESNA INDEKS 45
PTBareksaPortalInvestasi,PT Victoria Manajemen Investasi,REKSA DANA LANCAR VICTORIA MERKURIUS
PTBareksaPortalInvestasi,PT MAJORIS ASSET MANAGEMENT,REKSA DANA MAJORIS OBLIGASI UTAMA INDONESIA
PTBareksaPortalInvestasi,PT MAJORIS ASSET MANAGEMENT,REKSA DANA MAJORIS SAHAM ALOKASI DINAMIK INDONESIA
PTBareksaPortalInvestasi,PT MANDIRI MANAJEMEN INVESTASI,REKSA DANA MANDIRI INVESTA AKTIF
PTBareksaPortalInvestasi,PT MANDIRI MANAJEMEN INVESTASI,REKSA DANA MANDIRI INVESTA ATRAKTIF SYARIAH
PTBareksaPortalInvestasi,PT MANDIRI MANAJEMEN INVESTASI,REKSA DANA MANDIRI INVESTA CERDAS BANGSA KELAS A
PTBareksaPortalInvestasi,PT MANDIRI MANAJEMEN INVESTASI,REKSA DANA MANDIRI INVESTA CERDAS BANGSA KELAS B
PTBareksaPortalInvestasi,PT MANDIRI MANAJEMEN INVESTASI,REKSA DANA MANDIRI INVESTA DANA OBLIGASI SERI II
PTBareksaPortalInvestasi,PT MANDIRI MANAJEMEN INVESTASI,REKSA DANA MANDIRI INVESTA DANA SYARIAH
PTBareksaPortalInvestasi,PT MANDIRI MANAJEMEN INVESTASI,REKSA DANA MANDIRI INVESTA DANA UTAMA
PTBareksaPortalInvestasi,PT MANDIRI MANAJEMEN INVESTASI,REKSA DANA MANDIRI INVESTA EQUITY ASEAN 5 PLUS
PTBareksaPortalInvestasi,PT MANDIRI MANAJEMEN INVESTASI,REKSA DANA MANDIRI INVESTA PASAR UANG
PTBareksaPortalInvestasi,PT Manulife Aset Manajemen Indonesia,Reksa Dana Manulife Dana Campuran II
PTBareksaPortalInvestasi,PT Manulife Aset Manajemen Indonesia,REKSA DANA MANULIFE DANA KAS II KELAS A
PTBareksaPortalInvestasi,PT Manulife Aset Manajemen Indonesia,REKSA DANA MANULIFE DANA SAHAM KELAS A
PTBareksaPortalInvestasi,PT Manulife Aset Manajemen Indonesia,Reksa Dana Manulife Dana Tumbuh Berimbang
PTBareksaPortalInvestasi,PT Manulife Aset Manajemen Indonesia,REKSA DANA MANULIFE GREATER INDONESIA FUND
PTBareksaPortalInvestasi,PT Manulife Aset Manajemen Indonesia,REKSA DANA MANULIFE INDONESIA MONEY MARKET FUND KELAS D1
PTBareksaPortalInvestasi,PT Manulife Aset Manajemen Indonesia,REKSA DANA MANULIFE OBLIGASI NEGARA INDONESIA II Kelas A
PTBareksaPortalInvestasi,PT Manulife Aset Manajemen Indonesia,REKSA DANA MANULIFE OBLIGASI NEGARA INDONESIA II KELAS D1
PTBareksaPortalInvestasi,PT Manulife Aset Manajemen Indonesia,REKSA DANA MANULIFE OBLIGASI UNGGULAN KELAS A
PTBareksaPortalInvestasi,PT Manulife Aset Manajemen Indonesia,REKSA DANA MANULIFE OVO BAREKSA LIKUID
PTBareksaPortalInvestasi,PT Manulife Aset Manajemen Indonesia,Reksa Dana Manulife Pendapatan Bulanan II
PTBareksaPortalInvestasi,PT Manulife Aset Manajemen Indonesia,Reksa Dana Manulife Saham Andalan
PTBareksaPortalInvestasi,PT Manulife Aset Manajemen Indonesia,Reksa Dana Manulife Saham Smc Plus
PTBareksaPortalInvestasi,PT Manulife Aset Manajemen Indonesia,Reksa Dana Manulife Syariah Sektoral Amanah Kelas A
PTBareksaPortalInvestasi,PT Manulife Aset Manajemen Indonesia,REKSA DANA MANULIFE USD FIXED INCOME KELAS A
PTBareksaPortalInvestasi,PT Maybank Asset Management,Reksa Dana Maybank Dana Ekuitas
PTBareksaPortalInvestasi,PT Maybank Asset Management,Reksa Dana Maybank Dana Pasar Uang
PTBareksaPortalInvestasi,PT Maybank Asset Management,Reksa Dana Maybank Dana Pasti 2
PTBareksaPortalInvestasi,PT Mega Asset Management,REKSA DANA MEGA ASSET GREATER INFRASTRUCTURE
PTBareksaPortalInvestasi,PT Mega Asset Management,REKSA DANA MEGA ASSET MAXIMA
PTBareksaPortalInvestasi,PT Mega Asset Management,REKSA DANA MEGA ASSET MULTICASH
PTBareksaPortalInvestasi,PT Mega Asset Management,REKSA DANA MEGA ASSET STRATEGIC TOTAL RETURN
PTBareksaPortalInvestasi,PT Mega Asset Management,REKSA DANA MEGA DANA OBLIGASI DUA
PTBareksaPortalInvestasi,PT Minna Padi Aset Manajemen,REKSA DANA MINNA PADI PASOPATI SAHAM
PTBareksaPortalInvestasi,PT MNC Asset Management,REKSA DANA MNC DANA EKUITAS
PTBareksaPortalInvestasi,PT MNC Asset Management,REKSA DANA MNC DANA KOMBINASI ICON
PTBareksaPortalInvestasi,PT MNC Asset Management,REKSA DANA MNC DANA LANCAR
PTBareksaPortalInvestasi,PT MNC Asset Management,REKSA DANA MNC DANA LIKUID
PTBareksaPortalInvestasi,PT MNC Asset Management,REKSA DANA MNC DANA SYARIAH
PTBareksaPortalInvestasi,PT MNC Asset Management,REKSA DANA MNC DANA SYARIAH EKUITAS
PTBareksaPortalInvestasi,PT NARADA ASET MANAJEMEN,REKSA DANA NARADA CAMPURAN I
PTBareksaPortalInvestasi,PT Nusadana Investama Indonesia,REKSA DANA NUSADANA LANCAR
PTBareksaPortalInvestasi,PT Sucorinvest Asset Management,Reksa Dana Pendapatan Tetap Reksa Dana Sucorinvest Bond Fund
PTBareksaPortalInvestasi,PT Sucorinvest Asset Management,REKSA DANA PENDAPATAN TETAP SUCORINVEST STABLE FUND
PTBareksaPortalInvestasi,PT Pinnacle Persada Investama,REKSA DANA PINNACLE INDONESIA BOND FUND
PTBareksaPortalInvestasi,PT Pinnacle Persada Investama,REKSA DANA PINNACLE MONEY MARKET FUND
PTBareksaPortalInvestasi,PT Pinnacle Persada Investama,REKSA DANA PINNACLE STRATEGIC EQUITY FUND
PTBareksaPortalInvestasi,PT Pratama Capital Assets Management,REKSA DANA PRATAMA SAHAM
PTBareksaPortalInvestasi,PT Pratama Capital Assets Management,REKSA DANA PRATAMA SYARIAH
PTBareksaPortalInvestasi,PT Pratama Capital Assets Management,REKSA DANA PRATAMA SYARIAH IMBANG
PTBareksaPortalInvestasi,PT Principal Asset Management,REKSA DANA PRINCIPAL BALANCED STRATEGIC PLUS
PTBareksaPortalInvestasi,PT Principal Asset Management,REKSA DANA PRINCIPAL BUKAREKSA PASAR UANG
PTBareksaPortalInvestasi,PT Principal Asset Management,REKSA DANA PRINCIPAL CASH FUND
PTBareksaPortalInvestasi,PT Principal Asset Management,REKSA DANA PRINCIPAL INDO DOMESTIC EQUITY FUND
PTBareksaPortalInvestasi,PT Principal Asset Management,REKSA DANA PRINCIPAL ISLAMIC EQUITY GROWTH SYARIAH
PTBareksaPortalInvestasi,PT Principal Asset Management,REKSA DANA PRINCIPAL SMART EQUITY FUND
PTBareksaPortalInvestasi,PT Principal Asset Management,REKSA DANA PRINCIPAL TOTAL RETURN BOND FUND
PTBareksaPortalInvestasi,PT Principal Asset Management,REKSA DANA PRINCIPAL TOTAL RETURN EQUITY FUND KELAS O
PTBareksaPortalInvestasi,PT.Prospera Asset Management,REKSA DANA PROSPERA BALANCE
PTBareksaPortalInvestasi,PT.Prospera Asset Management,REKSA DANA PROSPERA BIJAK
PTBareksaPortalInvestasi,PT.Prospera Asset Management,REKSA DANA PROSPERA BUMN GROWTH FUND
PTBareksaPortalInvestasi,PT.Prospera Asset Management,REKSA DANA PROSPERA DANA LANCAR
PTBareksaPortalInvestasi,PT.Prospera Asset Management,REKSA DANA PROSPERA OBLIGASI
PTBareksaPortalInvestasi,PT.Prospera Asset Management,REKSA DANA PROSPERA OBLIGASI PLUS
PTBareksaPortalInvestasi,PT.Prospera Asset Management,REKSA DANA Prospera Saham SMC
PTBareksaPortalInvestasi,PT CIPTADANA ASSET MANAGEMENT,REKSA DANA RENCANA CERDAS
PTBareksaPortalInvestasi,PT. Eastspring Investments Indonesia,REKSA DANA SAHAM EASTSPRING INVESTMENTS ALPHA NAVIGATOR KELAS A
PTBareksaPortalInvestasi,PT Schroder Investment Management Indonesia,Reksa Dana Schroder 90 Plus Equity Fund
PTBareksaPortalInvestasi,PT Schroder Investment Management Indonesia,REKSA DANA SCHRODER DANA ANDALAN II
PTBareksaPortalInvestasi,PT Schroder Investment Management Indonesia,Reksa Dana Schroder Dana Istimewa
PTBareksaPortalInvestasi,PT Schroder Investment Management Indonesia,Reksa Dana Schroder Dana Kombinasi
PTBareksaPortalInvestasi,PT Schroder Investment Management Indonesia,REKSA DANA SCHRODER DANA LIKUID
PTBareksaPortalInvestasi,PT Schroder Investment Management Indonesia,REKSA DANA SCHRODER DANA MANTAP PLUS II
PTBareksaPortalInvestasi,PT Schroder Investment Management Indonesia,REKSA DANA SCHRODER DANA PRESTASI
PTBareksaPortalInvestasi,PT Schroder Investment Management Indonesia,REKSA DANA SCHRODER DANA PRESTASI PLUS
PTBareksaPortalInvestasi,PT Schroder Investment Management Indonesia,REKSA DANA SCHRODER DANA TERPADU II
PTBareksaPortalInvestasi,PT Schroder Investment Management Indonesia,Reksa Dana Schroder Dynamic Balanced Fund
PTBareksaPortalInvestasi,PT Schroder Investment Management Indonesia,Reksa Dana Schroder Income Fund
PTBareksaPortalInvestasi,PT Schroder Investment Management Indonesia,REKSA DANA SCHRODER SYARIAH BALANCED FUND
PTBareksaPortalInvestasi,PT Schroder Investment Management Indonesia,REKSA DANA SCHRODER USD BOND FUND
PTBareksaPortalInvestasi,PT SEMESTA ASET MANAJEMEN,REKSA DANA SEMESTA DANA MAXIMA
PTBareksaPortalInvestasi,PT SEMESTA ASET MANAJEMEN,REKSA DANA SEMESTA DANA SAHAM
PTBareksaPortalInvestasi,PT Sequis Aset Manajemen,Reksa Dana Sequis Bond Optima
PTBareksaPortalInvestasi,PT Sequis Aset Manajemen,Reksa Dana Sequis Equity Maxima
PTBareksaPortalInvestasi,PT. Setiabudi Investment Management,REKSA DANA SETIABUDI DANA CAMPURAN
PTBareksaPortalInvestasi,PT. Setiabudi Investment Management,REKSA DANA SETIABUDI DANA PASAR UANG
PTBareksaPortalInvestasi,PT Shinhan Asset Management Indonesia,Reksa Dana Shinhan Balance Fund
PTBareksaPortalInvestasi,PT Shinhan Asset Management Indonesia,Reksa Dana Shinhan Equity Growth
PTBareksaPortalInvestasi,PT Sinarmas Asset Management,REKSA DANA SIMAS DANAMAS SAHAM
PTBareksaPortalInvestasi,PT Sinarmas Asset Management,REKSA DANA SIMAS SAHAM BERTUMBUH
PTBareksaPortalInvestasi,PT Sinarmas Asset Management,REKSA DANA SIMAS SAHAM UNGGULAN
PTBareksaPortalInvestasi,PT Sinarmas Asset Management,REKSA DANA SIMAS SATU
PTBareksaPortalInvestasi,PT Sinarmas Asset Management,REKSA DANA SIMAS SATU PRIMA
PTBareksaPortalInvestasi,PT Sinarmas Asset Management,REKSA DANA SIMAS SYARIAH BERKEMBANG
PTBareksaPortalInvestasi,PT Sinarmas Asset Management,REKSA DANA SIMAS SYARIAH UNGGULAN
PTBareksaPortalInvestasi,PT Surya Timur Alam Raya Asset Management,REKSA DANA STAR BALANCED
PTBareksaPortalInvestasi,PT Surya Timur Alam Raya Asset Management,Reksa Dana STAR Balanced II
PTBareksaPortalInvestasi,PT Surya Timur Alam Raya Asset Management,REKSA DANA STAR MONEY MARKET KELAS UTAMA
PTBareksaPortalInvestasi,PT Surya Timur Alam Raya Asset Management,REKSA DANA STAR STABLE INCOME FUND
PTBareksaPortalInvestasi,PT Sucorinvest Asset Management,Reksa Dana Sucorinvest Citra Dana Berimbang
PTBareksaPortalInvestasi,PT Sucorinvest Asset Management,Reksa Dana Sucorinvest Equity Fund
PTBareksaPortalInvestasi,PT Sucorinvest Asset Management,Reksa Dana Sucorinvest Flexi Fund
PTBareksaPortalInvestasi,PT Sucorinvest Asset Management,Reksa Dana Sucorinvest Maxi Fund
PTBareksaPortalInvestasi,PT Sucorinvest Asset Management,Reksa Dana Sucorinvest Money Market Fund
PTBareksaPortalInvestasi,PT Sucorinvest Asset Management,REKSA DANA SUCORINVEST PREMIUM FUND
PTBareksaPortalInvestasi,PT Sucorinvest Asset Management,Reksa Dana Sucorinvest Sharia Equity Fund
PTBareksaPortalInvestasi,PT Sucorinvest Asset Management,Reksa Dana Sucorinvest USD Balanced Fund
PTBareksaPortalInvestasi,PT SYAILENDRA CAPITAL,REKSA DANA SYAILENDRA BALANCED OPPORTUNITY FUND KELAS A
PTBareksaPortalInvestasi,PT SYAILENDRA CAPITAL,REKSA DANA SYAILENDRA DANA KAS
PTBareksaPortalInvestasi,PT SYAILENDRA CAPITAL,REKSA DANA SYAILENDRA EQUITY OPPORTUNITY FUND KELAS A
PTBareksaPortalInvestasi,PT SYAILENDRA CAPITAL,REKSA DANA SYAILENDRA FIXED INCOME FUND
PTBareksaPortalInvestasi,PT SYAILENDRA CAPITAL,REKSA DANA SYAILENDRA PENDAPATAN TETAP PREMIUM
PTBareksaPortalInvestasi,PT MANDIRI MANAJEMEN INVESTASI,REKSA DANA SYARIAH  MANDIRI BUKAREKSA PASAR UANG SYARIAH
PTBareksaPortalInvestasi,PT Allianz Global Investors Asset Management Indonesia,REKSA DANA SYARIAH ALLIANZ HIGH DIVIDEND GLOBAL SHARIA EQUITY DOLLAR
PTBareksaPortalInvestasi,PT. Bahana TCW Investment Management,REKSA DANA SYARIAH BAHANA ICON SYARIAH KELAS G
PTBareksaPortalInvestasi,PT. Bahana TCW Investment Management,REKSA DANA SYARIAH BAHANA LIKUID SYARIAH KELAS G
PTBareksaPortalInvestasi,PT. Bahana TCW Investment Management,REKSA DANA SYARIAH BAHANA LIKUID SYARIAH KELAS S
PTBareksaPortalInvestasi,PT. Bahana TCW Investment Management,REKSA DANA SYARIAH BAHANA MES SYARIAH FUND KELAS A
PTBareksaPortalInvestasi,PT. Bahana TCW Investment Management,REKSA DANA SYARIAH BAHANA MES SYARIAH FUND Kelas G
PTBareksaPortalInvestasi,PT. Bahana TCW Investment Management,REKSA DANA SYARIAH BAHANA MES SYARIAH FUND KELAS O
PTBareksaPortalInvestasi,PT Batavia Prosperindo Aset Manajemen,REKSA DANA SYARIAH BATAVIA DANA KAS SYARIAH
PTBareksaPortalInvestasi,PT Batavia Prosperindo Aset Manajemen,REKSA DANA SYARIAH BATAVIA GLOBAL ESG SHARIA EQUITY USD
PTBareksaPortalInvestasi,PT Sucorinvest Asset Management,REKSA DANA SYARIAH BERBASIS SUKUK SUCORINVEST SHARIA SUKUK FUND
PTBareksaPortalInvestasi,PT. BNP Paribas Asset Management,REKSA DANA SYARIAH BNP PARIBAS CAKRA SYARIAH USD KELAS RK1
PTBareksaPortalInvestasi,PT. BNP Paribas Asset Management,REKSA DANA SYARIAH BNP PARIBAS GREATER CHINA EQUITY SYARIAH USD KELAS RK1
PTBareksaPortalInvestasi,PT. BNP Paribas Asset Management,Reksa Dana Syariah BNP Paribas Pesona Syariah
PTBareksaPortalInvestasi,PT Capital Asset Management,REKSA DANA SYARIAH CAPITAL SHARIA FIXED INCOME
PTBareksaPortalInvestasi,PT Capital Asset Management,REKSA DANA SYARIAH CAPITAL SHARIA MONEY MARKET
PTBareksaPortalInvestasi,PT CIPTADANA ASSET MANAGEMENT,REKSA DANA SYARIAH CIPTA DANA KAS SYARIAH
PTBareksaPortalInvestasi,PT. Eastspring Investments Indonesia,REKSA DANA SYARIAH EASTSPRING SYARIAH EQUITY ISLAMIC ASIA PACIFIC USD KELAS A
PTBareksaPortalInvestasi,PT. Eastspring Investments Indonesia,REKSA DANA SYARIAH EASTSPRING SYARIAH FIXED INCOME AMANAH KELAS A
PTBareksaPortalInvestasi,PT. Eastspring Investments Indonesia,REKSA DANA SYARIAH EASTSPRING SYARIAH FIXED INCOME USD KELAS A
PTBareksaPortalInvestasi,PT. Eastspring Investments Indonesia,REKSA DANA SYARIAH EASTSPRING SYARIAH GREATER CHINA EQUITY USD KELAS A
PTBareksaPortalInvestasi,PT. Eastspring Investments Indonesia,REKSA DANA SYARIAH EASTSPRING SYARIAH MONEY MARKET KHAZANAH KELAS A
PTBareksaPortalInvestasi,PT. BNP Paribas Asset Management,REKSA DANA SYARIAH INDEKS BNP PARIBAS DJIM GLOBAL TECHNOLOGY TITANS 50 SYARIAH USD
PTBareksaPortalInvestasi,PT MAJORIS ASSET MANAGEMENT,REKSA DANA SYARIAH MAJORIS PASAR UANG SYARIAH INDONESIA
PTBareksaPortalInvestasi,PT MAJORIS ASSET MANAGEMENT,REKSA DANA SYARIAH MAJORIS SUKUK NEGARA INDONESIA
PTBareksaPortalInvestasi,PT MANDIRI MANAJEMEN INVESTASI,REKSA DANA SYARIAH MANDIRI GLOBAL SHARIA EQUITY DOLLAR KELAS A
PTBareksaPortalInvestasi,PT MANDIRI MANAJEMEN INVESTASI,REKSA DANA SYARIAH MANDIRI PASAR UANG SYARIAH
PTBareksaPortalInvestasi,PT MANDIRI MANAJEMEN INVESTASI,REKSA DANA SYARIAH MANDIRI PASAR UANG SYARIAH EKSTRA
PTBareksaPortalInvestasi,PT Manulife Aset Manajemen Indonesia,Reksa Dana Syariah Manulife Saham Syariah Asia Pasifik Dollar AS
PTBareksaPortalInvestasi,PT Manulife Aset Manajemen Indonesia,Reksa Dana Syariah Manulife Saham Syariah Global Dividen Dolar AS Kelas A2
PTBareksaPortalInvestasi,PT Manulife Aset Manajemen Indonesia,REKSA DANA SYARIAH MANULIFE SAHAM SYARIAH GOLDEN ASIA DOLAR AS Kelas A2
PTBareksaPortalInvestasi,PT Manulife Aset Manajemen Indonesia,REKSA DANA SYARIAH MANULIFE SYARIAH SUKUK INDONESIA
PTBareksaPortalInvestasi,PT Schroder Investment Management Indonesia,Reksa Dana Syariah Schroder Global Sharia Equity Fund  USD
PTBareksaPortalInvestasi,PT Sucorinvest Asset Management,Reksa Dana Syariah Sucorinvest Sharia Money Market Fund
PTBareksaPortalInvestasi,PT SYAILENDRA CAPITAL,REKSA DANA SYARIAH SYAILENDRA OVO BAREKSA TUNAI LIKUID
PTBareksaPortalInvestasi,PT SYAILENDRA CAPITAL,Reksa Dana Syariah Syailendra Sharia Equity Fund
PTBareksaPortalInvestasi,PT SYAILENDRA CAPITAL,Reksa Dana Syariah Syailendra Sharia Money Market Fund
PTBareksaPortalInvestasi,PT Trimegah Asset Management,Reksa Dana Syariah Trimegah Dana Tetap Syariah
PTBareksaPortalInvestasi,PT Trimegah Asset Management,Reksa Dana TRAM Alpha
PTBareksaPortalInvestasi,PT Trimegah Asset Management,REKSA DANA TRAM CONSUMPTION PLUS KELAS A
PTBareksaPortalInvestasi,PT Trimegah Asset Management,Reksa Dana TRAM Infrastructure Plus
PTBareksaPortalInvestasi,PT Trimegah Asset Management,Reksa Dana TRAM Strategic Plus
PTBareksaPortalInvestasi,PT Trimegah Asset Management,Reksa Dana TRIM Dana Tetap 2
PTBareksaPortalInvestasi,PT Trimegah Asset Management,REKSA DANA TRIM KAPITAL PLUS
PTBareksaPortalInvestasi,PT Trimegah Asset Management,REKSA DANA TRIM KAS 2 KELAS A
PTBareksaPortalInvestasi,PT Trimegah Asset Management,REKSA DANA TRIM KOMBINASI 2
PTBareksaPortalInvestasi,PT Trimegah Asset Management,REKSA DANA TRIM SYARIAH BERIMBANG
PTBareksaPortalInvestasi,PT Trimegah Asset Management,REKSA DANA TRIM SYARIAH SAHAM
PTBareksaPortalInvestasi,PT Trimegah Asset Management,REKSA DANA TRIMEGAH BALANCED ABSOLUTE STRATEGY KELAS A
PTBareksaPortalInvestasi,PT Trimegah Asset Management,REKSA DANA TRIMEGAH FIXED INCOME PLAN
PTBareksaPortalInvestasi,PT Trimegah Asset Management,REKSA DANA TRIMEGAH KAS SYARIAH
PTBareksaPortalInvestasi,PT. UOB Asset Management Indonesia,REKSA DANA UOBAM ESG PASAR UANG INDONESIA
PTBareksaPortalInvestasi,PT Millenium Capital Management,REKSADANA MILLENIUM DYNAMIC EQUITY FUND
PTBareksaPortalInvestasi,PT Shinhan Asset Management Indonesia,REKSADANA SHINHAN MONEY MARKET FUND
PTBareksaPortalInvestasi,PT Trimegah Asset Management,TRIM Kapital
