PTBankRakyatIndonesia(Persero)Tbk,PT Ashmore Asset Management Indonesia,Reksa Dana Ashmore Dana Obligasi Nusantara
PTBankRakyatIndonesia(Persero)Tbk,PT Ashmore Asset Management Indonesia,Reksa Dana Ashmore Dana Progresif Nusantara
PTBankRakyatIndonesia(Persero)Tbk,PT Ashmore Asset Management Indonesia,Reksa Dana Ashmore Dana USD Nusantara
PTBankRakyatIndonesia(Persero)Tbk,PT. Bahana TCW Investment Management,REKSA DANA BAHANA DANA EKUITAS PRIMA
PTBankRakyatIndonesia(Persero)Tbk,PT. Bahana TCW Investment Management,REKSA DANA BAHANA DANA INFRASTRUKTUR
PTBankRakyatIndonesia(Persero)Tbk,PT. Bahana TCW Investment Management,REKSA DANA BAHANA DANA LIKUID
PTBankRakyatIndonesia(Persero)Tbk,PT. Bahana TCW Investment Management,REKSA DANA BAHANA LIQUID USD
PTBankRakyatIndonesia(Persero)Tbk,PT. Bahana TCW Investment Management,REKSA DANA BAHANA OBLIGASI GANESHA KELAS D
PTBankRakyatIndonesia(Persero)Tbk,PT. Bahana TCW Investment Management,REKSA DANA BAHANA PENDAPATAN TETAP MAKARA PRIMA KELAS G
PTBankRakyatIndonesia(Persero)Tbk,PT. BNP Paribas Asset Management,REKSA DANA BNP PARIBAS EKUITAS
PTBankRakyatIndonesia(Persero)Tbk,PT. BNP Paribas Asset Management,REKSA DANA BNP PARIBAS RUPIAH PLUS
PTBankRakyatIndonesia(Persero)Tbk,PT. BNP Paribas Asset Management,REKSA DANA BNP PARIBAS SPEKTRA
PTBankRakyatIndonesia(Persero)Tbk,PT BRI MANAJEMEN INVESTASI,REKSA DANA DANAREKSA ANGGREK FLEKSIBEL
PTBankRakyatIndonesia(Persero)Tbk,PT BRI MANAJEMEN INVESTASI,REKSA DANA DANAREKSA BALANCED REGULAR INCOME FUND
PTBankRakyatIndonesia(Persero)Tbk,PT BRI MANAJEMEN INVESTASI,REKSA DANA DANAREKSA BRAWIJAYA ABADI PENDAPATAN TETAP
PTBankRakyatIndonesia(Persero)Tbk,PT BRI MANAJEMEN INVESTASI,REKSA DANA DANAREKSA GAMASTEPS PASAR UANG
PTBankRakyatIndonesia(Persero)Tbk,PT BRI MANAJEMEN INVESTASI,REKSA DANA DANAREKSA INDEKS SYARIAH
PTBankRakyatIndonesia(Persero)Tbk,PT BRI MANAJEMEN INVESTASI,REKSA DANA DANAREKSA MAWAR FOKUS 10
PTBankRakyatIndonesia(Persero)Tbk,PT BRI MANAJEMEN INVESTASI,REKSA DANA DANAREKSA MAWAR KONSUMER 10 KELAS A
PTBankRakyatIndonesia(Persero)Tbk,PT BRI MANAJEMEN INVESTASI,Reksa Dana Danareksa Melati Pendapatan Utama
PTBankRakyatIndonesia(Persero)Tbk,PT BRI MANAJEMEN INVESTASI,REKSA DANA DANAREKSA SERUNI PASAR UANG II KELAS A
PTBankRakyatIndonesia(Persero)Tbk,PT BRI MANAJEMEN INVESTASI,REKSA DANA DANAREKSA SYARIAH BERIMBANG
PTBankRakyatIndonesia(Persero)Tbk,PT Henan Putihrai Asset Management,REKSA DANA HPAM SYARIAH EKUITAS
PTBankRakyatIndonesia(Persero)Tbk,PT Henan Putihrai Asset Management,REKSA DANA HPAM ULTIMA EKUITAS 1
PTBankRakyatIndonesia(Persero)Tbk,PT BRI MANAJEMEN INVESTASI,REKSA DANA INDEKS DANAREKSA MSCI INDONESIA ESG SCREENED KELAS A
PTBankRakyatIndonesia(Persero)Tbk,PT Kresna Asset Management,REKSA DANA KRESNA FLEXIMA
PTBankRakyatIndonesia(Persero)Tbk,PT Kresna Asset Management,REKSA DANA KRESNA INDEKS 45
PTBankRakyatIndonesia(Persero)Tbk,PT Manulife Aset Manajemen Indonesia,Reksa Dana Manulife Dana Campuran II
PTBankRakyatIndonesia(Persero)Tbk,PT Manulife Aset Manajemen Indonesia,REKSA DANA MANULIFE DANA SAHAM KELAS A
PTBankRakyatIndonesia(Persero)Tbk,PT Manulife Aset Manajemen Indonesia,REKSA DANA MANULIFE OBLIGASI NEGARA INDONESIA II Kelas A
PTBankRakyatIndonesia(Persero)Tbk,PT Manulife Aset Manajemen Indonesia,Reksa Dana Manulife Pendapatan Bulanan II
PTBankRakyatIndonesia(Persero)Tbk,PT MNC Asset Management,REKSA DANA MNC DANA EKUITAS
PTBankRakyatIndonesia(Persero)Tbk,PT Schroder Investment Management Indonesia,Reksa Dana Schroder 90 Plus Equity Fund
PTBankRakyatIndonesia(Persero)Tbk,PT Schroder Investment Management Indonesia,Reksa Dana Schroder Dana Kombinasi
PTBankRakyatIndonesia(Persero)Tbk,PT Schroder Investment Management Indonesia,REKSA DANA SCHRODER DANA LIKUID
PTBankRakyatIndonesia(Persero)Tbk,PT Schroder Investment Management Indonesia,REKSA DANA SCHRODER DANA PRESTASI
PTBankRakyatIndonesia(Persero)Tbk,PT Schroder Investment Management Indonesia,REKSA DANA SCHRODER DANA TERPADU II
PTBankRakyatIndonesia(Persero)Tbk,PT Schroder Investment Management Indonesia,REKSA DANA SCHRODER SYARIAH BALANCED FUND
PTBankRakyatIndonesia(Persero)Tbk,PT Schroder Investment Management Indonesia,REKSA DANA SCHRODER USD BOND FUND
PTBankRakyatIndonesia(Persero)Tbk,PT Sucorinvest Asset Management,Reksa Dana Sucorinvest Equity Fund
PTBankRakyatIndonesia(Persero)Tbk,PT Sucorinvest Asset Management,Reksa Dana Sucorinvest Flexi Fund
PTBankRakyatIndonesia(Persero)Tbk,PT Sucorinvest Asset Management,Reksa Dana Sucorinvest Money Market Fund
PTBankRakyatIndonesia(Persero)Tbk,PT SYAILENDRA CAPITAL,REKSA DANA SYAILENDRA DANA KAS
PTBankRakyatIndonesia(Persero)Tbk,PT SYAILENDRA CAPITAL,REKSA DANA SYAILENDRA EQUITY OPPORTUNITY FUND KELAS A
PTBankRakyatIndonesia(Persero)Tbk,PT. BNP Paribas Asset Management,Reksa Dana Syariah BNP Paribas Pesona Syariah
PTBankRakyatIndonesia(Persero)Tbk,PT BRI MANAJEMEN INVESTASI,REKSA DANA SYARIAH DANAREKSA G20 SHARIA EQUITY FUND DOLLAR
PTBankRakyatIndonesia(Persero)Tbk,PT Schroder Investment Management Indonesia,Reksa Dana Syariah Schroder Global Sharia Equity Fund  USD
PTBankRakyatIndonesia(Persero)Tbk,PT. Bahana TCW Investment Management,REKSA DANA TERPROTEKSI BAHANA CENTRUM PROTECTED FUND 204
PTBankRakyatIndonesia(Persero)Tbk,PT. Bahana TCW Investment Management,REKSA DANA TERPROTEKSI BAHANA PROTECTED FUND 170
PTBankRakyatIndonesia(Persero)Tbk,PT BRI MANAJEMEN INVESTASI,REKSA DANA TERPROTEKSI DANAREKSA PROTEKSI 65
PTBankRakyatIndonesia(Persero)Tbk,PT BRI MANAJEMEN INVESTASI,REKSA DANA TERPROTEKSI DANAREKSA PROTEKSI 82
PTBankRakyatIndonesia(Persero)Tbk,PT BRI MANAJEMEN INVESTASI,REKSA DANA TERPROTEKSI DANAREKSA PROTEKSI 93
PTBankRakyatIndonesia(Persero)Tbk,PT Trimegah Asset Management,REKSA DANA TERPROTEKSI TRIMEGAH TERPROTEKSI LESTARI 16
PTBankRakyatIndonesia(Persero)Tbk,PT Trimegah Asset Management,REKSA DANA TERPROTEKSI TRIMEGAH TERPROTEKSI LESTARI 18
PTBankRakyatIndonesia(Persero)Tbk,PT Trimegah Asset Management,REKSA DANA TERPROTEKSI TRIMEGAH TERPROTEKSI LESTARI 20
PTBankRakyatIndonesia(Persero)Tbk,PT Trimegah Asset Management,REKSA DANA TERPROTEKSI TRIMEGAH TERPROTEKSI LESTARI 21
PTBankRakyatIndonesia(Persero)Tbk,PT Trimegah Asset Management,REKSA DANA TERPROTEKSI TRIMEGAH TERPROTEKSI LESTARI 23
PTBankRakyatIndonesia(Persero)Tbk,PT Trimegah Asset Management,REKSA DANA TERPROTEKSI TRIMEGAH TERPROTEKSI LESTARI 25
PTBankRakyatIndonesia(Persero)Tbk,PT Trimegah Asset Management,REKSA DANA TERPROTEKSI TRIMEGAH TERPROTEKSI LESTARI 27
PTBankRakyatIndonesia(Persero)Tbk,PT Trimegah Asset Management,REKSA DANA TERPROTEKSI TRIMEGAH TERPROTEKSI PRIMA 26
PTBankRakyatIndonesia(Persero)Tbk,PT Trimegah Asset Management,REKSA DANA TERPROTEKSI TRIMEGAH TERPROTEKSI PRIMA 32
PTBankRakyatIndonesia(Persero)Tbk,PT Trimegah Asset Management,REKSA DANA TERPROTEKSI TRIMEGAH TERPROTEKSI PRIMA 33
PTBankRakyatIndonesia(Persero)Tbk,PT Trimegah Asset Management,REKSA DANA TERPROTEKSI TRIMEGAH TERPROTEKSI PRIMA 35
PTBankRakyatIndonesia(Persero)Tbk,PT Trimegah Asset Management,REKSA DANA TRIM KAS 2 KELAS A
PTBankRakyatIndonesia(Persero)Tbk,PT Trimegah Asset Management,REKSA DANA TRIM KOMBINASI 2
PTBankRakyatIndonesia(Persero)Tbk,PT Trimegah Asset Management,REKSA DANA TRIMEGAH FIXED INCOME PLAN
PTBankRakyatIndonesia(Persero)Tbk,PT Trimegah Asset Management,TRIM Kapital
