PTBankPermataTbk,PT Batavia Prosperindo Aset Manajemen,BATAVIA DANA SAHAM
PTBankPermataTbk,PT Batavia Prosperindo Aset Manajemen,BATAVIA DANA SAHAM OPTIMAL
PTBankPermataTbk,PT Ashmore Asset Management Indonesia,Reksa Dana Ashmore Dana Ekuitas Nusantara
PTBankPermataTbk,PT Ashmore Asset Management Indonesia,Reksa Dana Ashmore Dana Obligasi Nusantara
PTBankPermataTbk,PT Ashmore Asset Management Indonesia,Reksa Dana Ashmore Dana Obligasi Unggulan Nusantara
PTBankPermataTbk,PT Ashmore Asset Management Indonesia,Reksa Dana Ashmore Dana Pasar Uang Nusantara
PTBankPermataTbk,PT Ashmore Asset Management Indonesia,Reksa Dana Ashmore Dana Progresif Nusantara
PTBankPermataTbk,PT Ashmore Asset Management Indonesia,Reksa Dana Ashmore Dana USD Equity Nusantara
PTBankPermataTbk,PT Ashmore Asset Management Indonesia,Reksa Dana Ashmore Dana USD Nusantara
PTBankPermataTbk,PT Ashmore Asset Management Indonesia,REKSA DANA ASHMORE DIGITAL EQUITY SUSTAINABLE FUND
