PTBankKEBHanaIndonesia ,PT Batavia Prosperindo Aset Manajemen,BATAVIA DANA DINAMIS
PTBankKEBHanaIndonesia ,PT Batavia Prosperindo Aset Manajemen,BATAVIA DANA SAHAM
PTBankKEBHanaIndonesia ,PT Batavia Prosperindo Aset Manajemen,BATAVIA DANA SAHAM OPTIMAL
PTBankKEBHanaIndonesia ,PT Batavia Prosperindo Aset Manajemen,BATAVIA DANA SAHAM SYARIAH
PTBankKEBHanaIndonesia ,PT Allianz Global Investors Asset Management Indonesia,REKSA DANA ALLIANZ ALPHA SECTOR ROTATION
PTBankKEBHanaIndonesia ,PT Allianz Global Investors Asset Management Indonesia,REKSA DANA ALLIANZ RUPIAH LIQUID FUND
PTBankKEBHanaIndonesia ,PT Ashmore Asset Management Indonesia,Reksa Dana Ashmore Dana Ekuitas Nusantara
PTBankKEBHanaIndonesia ,PT Ashmore Asset Management Indonesia,Reksa Dana Ashmore Dana Obligasi Nusantara
PTBankKEBHanaIndonesia ,PT Ashmore Asset Management Indonesia,Reksa Dana Ashmore Dana Obligasi Unggulan Nusantara
PTBankKEBHanaIndonesia ,PT Ashmore Asset Management Indonesia,Reksa Dana Ashmore Dana Pasar Uang Nusantara
