PTBankTabunganPensiunanNasionalTbk ,PT Ashmore Asset Management Indonesia,Reksa Dana Ashmore Dana Ekuitas Nusantara
PTBankTabunganPensiunanNasionalTbk ,PT Ashmore Asset Management Indonesia,Reksa Dana Ashmore Dana Obligasi Nusantara
PTBankTabunganPensiunanNasionalTbk ,PT Ashmore Asset Management Indonesia,Reksa Dana Ashmore Dana Obligasi Unggulan Nusantara
PTBankTabunganPensiunanNasionalTbk ,PT Ashmore Asset Management Indonesia,Reksa Dana Ashmore Dana Pasar Uang Nusantara
PTBankTabunganPensiunanNasionalTbk ,PT Ashmore Asset Management Indonesia,Reksa Dana Ashmore Dana Progresif Nusantara
PTBankTabunganPensiunanNasionalTbk ,PT Ashmore Asset Management Indonesia,REKSA DANA ASHMORE DANA USD FIXED INCOME
PTBankTabunganPensiunanNasionalTbk ,PT Ashmore Asset Management Indonesia,REKSA DANA ASHMORE DIGITAL EQUITY SUSTAINABLE FUND
PTBankTabunganPensiunanNasionalTbk ,PT Ashmore Asset Management Indonesia,REKSA DANA ASHMORE SAHAM DINAMIS NUSANTARA
PTBankTabunganPensiunanNasionalTbk ,PT. BNP Paribas Asset Management,REKSA DANA BNP PARIBAS PESONA
PTBankTabunganPensiunanNasionalTbk ,PT. BNP Paribas Asset Management,REKSA DANA BNP PARIBAS PRIMA II KELAS RK1
