PTBankPan IndonesiaTbk,PT Panin Asset Management,Panin Dana Maksima
PTBankPan IndonesiaTbk,PT. Bahana TCW Investment Management,REKSA DANA BAHANA DANA EKUITAS PRIMA
PTBankPan IndonesiaTbk,PT. Bahana TCW Investment Management,REKSA DANA BAHANA DANA INFRASTRUKTUR
PTBankPan IndonesiaTbk,PT. Bahana TCW Investment Management,REKSA DANA BAHANA OBLIGASI GANESHA KELAS D
PTBankPan IndonesiaTbk,PT. Bahana TCW Investment Management,REKSA DANA BAHANA OBLIGASI GANESHA KELAS G
PTBankPan IndonesiaTbk,PT Panin Asset Management,REKSA DANA PANIN DANA PRIMA
PTBankPan IndonesiaTbk,PT Panin Asset Management,REKSA DANA PANIN DANA PRIORITAS
PTBankPan IndonesiaTbk,PT Panin Asset Management,REKSA DANA PANIN DANA UNGGULAN
PTBankPan IndonesiaTbk,PT Panin Asset Management,REKSA DANA PANIN DANA UTAMA PLUS 2
PTBankPan IndonesiaTbk,PT. Bahana TCW Investment Management,REKSA DANA TERPROTEKSI BAHANA CORE PROTECTED FUND 132
