PTBank SinarmasTbk,PT Sinarmas Asset Management,Danamas Pasti
PTBank SinarmasTbk,PT Sinarmas Asset Management,DANAMAS RUPIAH PLUS
PTBank SinarmasTbk,PT Sinarmas Asset Management,DANAMAS STABIL
PTBank SinarmasTbk,PT Sinarmas Asset Management,REKSA DANA DANAMAS DOLLAR
PTBank SinarmasTbk,PT Sinarmas Asset Management,REKSA DANA SIMAS DANAMAS SAHAM
PTBank SinarmasTbk,PT Sinarmas Asset Management,REKSA DANA SIMAS PENDAPATAN OPTIMA
PTBank SinarmasTbk,PT Sinarmas Asset Management,REKSA DANA SIMAS SAHAM MAKSIMA
PTBank SinarmasTbk,PT Sinarmas Asset Management,REKSA DANA SIMAS SAHAM UNGGULAN
PTBank SinarmasTbk,PT Sinarmas Asset Management,REKSA DANA SIMAS SATU
PTBank SinarmasTbk,PT Sinarmas Asset Management,REKSA DANA SIMAS SATU PRIMA
PTBank SinarmasTbk,PT Sinarmas Asset Management,REKSA DANA SIMAS SYARIAH BERKEMBANG
PTBank SinarmasTbk,PT Surya Timur Alam Raya Asset Management,REKSA DANA STAR STABLE INCOME FUND
PTBank SinarmasTbk,PT Sinarmas Asset Management,REKSA DANA TERPROTEKSI SIMAS TERPROTEKSI 19
PTBank SinarmasTbk,PT Surya Timur Alam Raya Asset Management,REKSA DANA TERPROTEKSI STAR PROTECTED XVIII
