PTBankUOBIndonesia,PT Batavia Prosperindo Aset Manajemen,BATAVIA DANA SAHAM
PTBankUOBIndonesia,PT Batavia Prosperindo Aset Manajemen,BATAVIA DANA SAHAM OPTIMAL
PTBankUOBIndonesia,PT Ashmore Asset Management Indonesia,Reksa Dana Ashmore Dana Ekuitas Nusantara
PTBankUOBIndonesia,PT Ashmore Asset Management Indonesia,Reksa Dana Ashmore Dana Obligasi Nusantara
PTBankUOBIndonesia,PT Ashmore Asset Management Indonesia,Reksa Dana Ashmore Dana Obligasi Unggulan Nusantara
PTBankUOBIndonesia,PT Ashmore Asset Management Indonesia,Reksa Dana Ashmore Dana Progresif Nusantara
PTBankUOBIndonesia,PT Ashmore Asset Management Indonesia,Reksa Dana Ashmore Dana USD Nusantara
PTBankUOBIndonesia,PT Ashmore Asset Management Indonesia,REKSA DANA ASHMORE DIGITAL EQUITY SUSTAINABLE FUND
PTBankUOBIndonesia,PT Ashmore Asset Management Indonesia,REKSA DANA ASHMORE SAHAM DINAMIS NUSANTARA
PTBankUOBIndonesia,PT Batavia Prosperindo Aset Manajemen,REKSA DANA BATAVIA DANA OBLIGASI ULTIMA
PTBankUOBIndonesia,PT Batavia Prosperindo Aset Manajemen,Reksa Dana Batavia USD Balanced Asia
PTBankUOBIndonesia,PT. BNP Paribas Asset Management,REKSA DANA BNP PARIBAS EKUITAS
PTBankUOBIndonesia,PT. BNP Paribas Asset Management,REKSA DANA BNP PARIBAS EQUITRA CAMPURAN HARMONI
PTBankUOBIndonesia,PT. BNP Paribas Asset Management,REKSA DANA BNP PARIBAS INFRASTRUKTUR PLUS
PTBankUOBIndonesia,PT. BNP Paribas Asset Management,REKSA DANA BNP PARIBAS OMEGA
PTBankUOBIndonesia,PT. BNP Paribas Asset Management,REKSA DANA BNP PARIBAS PESONA
PTBankUOBIndonesia,PT. BNP Paribas Asset Management,REKSA DANA BNP PARIBAS PRIMA II KELAS RK1
PTBankUOBIndonesia,PT. BNP Paribas Asset Management,REKSA DANA BNP PARIBAS PRIMA USD KELAS RK1
PTBankUOBIndonesia,PT. BNP Paribas Asset Management,REKSA DANA BNP PARIBAS RUPIAH PLUS
PTBankUOBIndonesia,PT. BNP Paribas Asset Management,REKSA DANA BNP PARIBAS SOLARIS
PTBankUOBIndonesia,PT. BNP Paribas Asset Management,REKSA DANA BNP PARIBAS SPEKTRA
PTBankUOBIndonesia,PT BRI MANAJEMEN INVESTASI,REKSA DANA DANAREKSA INDEKS SYARIAH
PTBankUOBIndonesia,PT BRI MANAJEMEN INVESTASI,REKSA DANA DANAREKSA MELATI PREMIUM DOLLAR
PTBankUOBIndonesia,PT. BNP Paribas Asset Management,REKSA DANA INDEKS BNP PARIBAS IDX30 FILANTROPI
PTBankUOBIndonesia,PT. BNP Paribas Asset Management,Reksa Dana Indeks BNP Paribas Sri Kehati
PTBankUOBIndonesia,PT MANDIRI MANAJEMEN INVESTASI,REKSA DANA MANDIRI INVESTA ATRAKTIF KELAS A
PTBankUOBIndonesia,PT MANDIRI MANAJEMEN INVESTASI,REKSA DANA MANDIRI INVESTA EKUITAS DINAMIS
PTBankUOBIndonesia,PT MANDIRI MANAJEMEN INVESTASI,REKSA DANA MANDIRI INVESTA EQUITY MOVEMENT
PTBankUOBIndonesia,PT MANDIRI MANAJEMEN INVESTASI,REKSA DANA MANDIRI INVESTA PASAR UANG
PTBankUOBIndonesia,PT Manulife Aset Manajemen Indonesia,Reksa Dana Manulife Dana Campuran II
PTBankUOBIndonesia,PT Manulife Aset Manajemen Indonesia,REKSA DANA MANULIFE DANA SAHAM KELAS A
PTBankUOBIndonesia,PT Manulife Aset Manajemen Indonesia,Reksa Dana Manulife Dana Tumbuh Berimbang
PTBankUOBIndonesia,PT Manulife Aset Manajemen Indonesia,REKSA DANA MANULIFE GREATER INDONESIA FUND
PTBankUOBIndonesia,PT Manulife Aset Manajemen Indonesia,REKSA DANA MANULIFE OBLIGASI NEGARA INDONESIA II Kelas A2
PTBankUOBIndonesia,PT Manulife Aset Manajemen Indonesia,Reksa Dana Manulife Pendapatan Bulanan II
PTBankUOBIndonesia,PT Manulife Aset Manajemen Indonesia,Reksa Dana Manulife Saham Andalan
PTBankUOBIndonesia,PT Manulife Aset Manajemen Indonesia,Reksa Dana Manulife Saham Smc Plus
PTBankUOBIndonesia,PT Manulife Aset Manajemen Indonesia,REKSA DANA MANULIFE USD FIXED INCOME KELAS A
PTBankUOBIndonesia,PT. UOB Asset Management Indonesia,REKSA DANA PENDAPATAN TETAP UOBAM INOVASI OBLIGASI NASIONAL
PTBankUOBIndonesia,PT. UOB Asset Management Indonesia,REKSA DANA SAHAM UOBAM SUSTAINABLE EQUITY INDONESIA D
PTBankUOBIndonesia,PT Schroder Investment Management Indonesia,Reksa Dana Schroder 90 Plus Equity Fund
PTBankUOBIndonesia,PT Schroder Investment Management Indonesia,REKSA DANA SCHRODER DANA ANDALAN II
PTBankUOBIndonesia,PT Schroder Investment Management Indonesia,Reksa Dana Schroder Dana Istimewa
PTBankUOBIndonesia,PT Schroder Investment Management Indonesia,Reksa Dana Schroder Dana Kombinasi
PTBankUOBIndonesia,PT Schroder Investment Management Indonesia,REKSA DANA SCHRODER DANA LIKUID
PTBankUOBIndonesia,PT Schroder Investment Management Indonesia,REKSA DANA SCHRODER DANA MANTAP PLUS II
PTBankUOBIndonesia,PT Schroder Investment Management Indonesia,REKSA DANA SCHRODER DANA PRESTASI
PTBankUOBIndonesia,PT Schroder Investment Management Indonesia,REKSA DANA SCHRODER DANA PRESTASI PLUS
PTBankUOBIndonesia,PT Schroder Investment Management Indonesia,REKSA DANA SCHRODER DANA TERPADU II
PTBankUOBIndonesia,PT Schroder Investment Management Indonesia,REKSA DANA SCHRODER SYARIAH BALANCED FUND
PTBankUOBIndonesia,PT Schroder Investment Management Indonesia,REKSA DANA SCHRODER USD BOND FUND
PTBankUOBIndonesia,PT Batavia Prosperindo Aset Manajemen,REKSA DANA SYARIAH BATAVIA GLOBAL ESG SHARIA EQUITY USD
PTBankUOBIndonesia,PT. BNP Paribas Asset Management,REKSA DANA SYARIAH BNP PARIBAS CAKRA SYARIAH USD KELAS RK1
PTBankUOBIndonesia,PT. BNP Paribas Asset Management,REKSA DANA SYARIAH BNP PARIBAS GREATER CHINA EQUITY SYARIAH USD KELAS RK1
PTBankUOBIndonesia,PT. BNP Paribas Asset Management,REKSA DANA SYARIAH INDEKS BNP PARIBAS DJIM GLOBAL TECHNOLOGY TITANS 50 SYARIAH USD
PTBankUOBIndonesia,PT MANDIRI MANAJEMEN INVESTASI,REKSA DANA SYARIAH MANDIRI GLOBAL SHARIA EQUITY DOLLAR KELAS A
PTBankUOBIndonesia,PT Manulife Aset Manajemen Indonesia,Reksa Dana Syariah Manulife Saham Syariah Asia Pasifik Dollar AS
PTBankUOBIndonesia,PT Schroder Investment Management Indonesia,Reksa Dana Syariah Schroder Global Sharia Equity Fund  USD
PTBankUOBIndonesia,PT. UOB Asset Management Indonesia,REKSA DANA TERPROTEKSI UOBAM 001
PTBankUOBIndonesia,PT. UOB Asset Management Indonesia,REKSA DANA TERPROTEKSI UOBAM 003
PTBankUOBIndonesia,PT. UOB Asset Management Indonesia,REKSA DANA TERPROTEKSI UOBAM 005
PTBankUOBIndonesia,PT. UOB Asset Management Indonesia,REKSA DANA UOBAM ESG PASAR UANG INDONESIA
