PTBankQNBIndonesiaTbk,PT Batavia Prosperindo Aset Manajemen,BATAVIA DANA SAHAM
PTBankQNBIndonesiaTbk,PT Batavia Prosperindo Aset Manajemen,REKSA DANA BATAVIA DANA OBLIGASI ULTIMA
PTBankQNBIndonesiaTbk,PT BRI MANAJEMEN INVESTASI,REKSA DANA DANAREKSA MAWAR KONSUMER 10 KELAS A
PTBankQNBIndonesiaTbk,PT BRI MANAJEMEN INVESTASI,REKSA DANA DANAREKSA SYARIAH BERIMBANG
PTBankQNBIndonesiaTbk,PT FWD Asset Management,REKSA DANA FWD ASSET AGGRESSIVE BALANCED FUND
PTBankQNBIndonesiaTbk,PT FWD Asset Management,REKSA DANA FWD ASSET BOND FUND
PTBankQNBIndonesiaTbk,PT FWD Asset Management,REKSA DANA FWD ASSET SECTORAL EQUITY FUND
PTBankQNBIndonesiaTbk,PT SYAILENDRA CAPITAL,REKSA DANA INDEKS SYAILENDRA MSCI INDONESIA VALUE INDEX FUND KELAS A
PTBankQNBIndonesiaTbk,PT MANDIRI MANAJEMEN INVESTASI,REKSA DANA MANDIRI INVESTA DANA SYARIAH
PTBankQNBIndonesiaTbk,PT MANDIRI MANAJEMEN INVESTASI,REKSA DANA MANDIRI INVESTA EQUITY DYNAMO FACTOR
PTBankQNBIndonesiaTbk,PT MANDIRI MANAJEMEN INVESTASI,REKSA DANA MANDIRI INVESTA PASAR UANG
PTBankQNBIndonesiaTbk,PT Manulife Aset Manajemen Indonesia,Reksa Dana Manulife Dana Campuran II
PTBankQNBIndonesiaTbk,PT Manulife Aset Manajemen Indonesia,REKSA DANA MANULIFE DANA KAS II KELAS A
PTBankQNBIndonesiaTbk,PT Manulife Aset Manajemen Indonesia,REKSA DANA MANULIFE DANA SAHAM KELAS A
PTBankQNBIndonesiaTbk,PT Manulife Aset Manajemen Indonesia,REKSA DANA MANULIFE OBLIGASI NEGARA INDONESIA II Kelas A
PTBankQNBIndonesiaTbk,PT SYAILENDRA CAPITAL,REKSA DANA SYAILENDRA BALANCED OPPORTUNITY FUND KELAS A
PTBankQNBIndonesiaTbk,PT SYAILENDRA CAPITAL,REKSA DANA SYAILENDRA DANA KAS
PTBankQNBIndonesiaTbk,PT SYAILENDRA CAPITAL,REKSA DANA SYAILENDRA EQUITY OPPORTUNITY FUND KELAS A
PTBankQNBIndonesiaTbk,PT SYAILENDRA CAPITAL,REKSA DANA SYAILENDRA FIXED INCOME FUND
PTBankQNBIndonesiaTbk,PT SYAILENDRA CAPITAL,REKSA DANA TERPROTEKSI SYAILENDRA CAPITAL PROTECTED FUND 39
PTBankQNBIndonesiaTbk,PT Trimegah Asset Management,Reksa Dana TRIM Dana Tetap 2
PTBankQNBIndonesiaTbk,PT Trimegah Asset Management,REKSA DANA TRIM KAPITAL PLUS
PTBankQNBIndonesiaTbk,PT Trimegah Asset Management,REKSA DANA TRIM KOMBINASI 2
