PTBankMandiri(Persero)Tbk,PT Batavia Prosperindo Aset Manajemen,BATAVIA DANA DINAMIS
PTBankMandiri(Persero)Tbk,PT Batavia Prosperindo Aset Manajemen,BATAVIA DANA SAHAM
PTBankMandiri(Persero)Tbk,PT Batavia Prosperindo Aset Manajemen,BATAVIA DANA SAHAM OPTIMAL
PTBankMandiri(Persero)Tbk,PT MANDIRI MANAJEMEN INVESTASI,Mandiri Investa Ekuitas Syariah
PTBankMandiri(Persero)Tbk,PT Ashmore Asset Management Indonesia,Reksa Dana Ashmore Dana Ekuitas Nusantara
PTBankMandiri(Persero)Tbk,PT Ashmore Asset Management Indonesia,Reksa Dana Ashmore Dana Obligasi Nusantara
PTBankMandiri(Persero)Tbk,PT Ashmore Asset Management Indonesia,Reksa Dana Ashmore Dana Obligasi Unggulan Nusantara
PTBankMandiri(Persero)Tbk,PT Ashmore Asset Management Indonesia,Reksa Dana Ashmore Dana Progresif Nusantara
PTBankMandiri(Persero)Tbk,PT Ashmore Asset Management Indonesia,Reksa Dana Ashmore Dana USD Nusantara
PTBankMandiri(Persero)Tbk,PT. Bahana TCW Investment Management,REKSA DANA BAHANA DANA EKUITAS PRIMA
