PTBankCTBCIndonesia,PT Batavia Prosperindo Aset Manajemen,BATAVIA DANA SAHAM
PTBankCTBCIndonesia,PT Batavia Prosperindo Aset Manajemen,BATAVIA DANA SAHAM OPTIMAL
PTBankCTBCIndonesia,PT Batavia Prosperindo Aset Manajemen,Reksa Dana Batavia Dana Kas Maxima
PTBankCTBCIndonesia,PT Batavia Prosperindo Aset Manajemen,Reksa Dana Batavia Dana Likuid
PTBankCTBCIndonesia,PT Batavia Prosperindo Aset Manajemen,REKSA DANA BATAVIA DANA OBLIGASI ULTIMA
PTBankCTBCIndonesia,PT Batavia Prosperindo Aset Manajemen,REKSA DANA BATAVIA DISRUPTIVE EQUITY
PTBankCTBCIndonesia,PT Batavia Prosperindo Aset Manajemen,Reksa Dana Batavia USD Balanced Asia
PTBankCTBCIndonesia,PT BNI Asset Management,REKSA DANA BNI AM DANA LIKUID
PTBankCTBCIndonesia,PT BNI Asset Management,Reksa Dana BNI AM Dana Pendapatan Tetap Makara Investasi
PTBankCTBCIndonesia,PT BNI Asset Management,REKSA DANA BNIAM DANA SAHAM INSPIRING EQUITY FUND
PTBankCTBCIndonesia,PT. Eastspring Investments Indonesia,REKSA DANA EASTSPRING INVESTMENTS CASH RESERVE KELAS A
PTBankCTBCIndonesia,PT. Eastspring Investments Indonesia,REKSA DANA EASTSPRING INVESTMENTS IDR HIGH GRADE KELAS A
PTBankCTBCIndonesia,PT. Eastspring Investments Indonesia,REKSA DANA EASTSPRING INVESTMENTS VALUE DISCOVERY KELAS A
PTBankCTBCIndonesia,PT. Eastspring Investments Indonesia,REKSA DANA EASTSPRING INVESTMENTS YIELD DISCOVERY KELAS A
PTBankCTBCIndonesia,PT BNI Asset Management,REKSA DANA INDEKS BNI AM IDX HIGH DIVIDEND 20 KELAS R1
PTBankCTBCIndonesia,PT BNI Asset Management,REKSA DANA INDEKS BNI AM INDEKS IDX GROWTH30 KELAS R1
PTBankCTBCIndonesia,PT BNI Asset Management,REKSA DANA INDEKS BNI AM INDEKS IDX30
PTBankCTBCIndonesia,PT BNI Asset Management,REKSA DANA INDEKS BNI AM SRI KEHATI KELAS R1
PTBankCTBCIndonesia,PT MANDIRI MANAJEMEN INVESTASI,REKSA DANA MANDIRI INVESTA DANA UTAMA
PTBankCTBCIndonesia,PT MANDIRI MANAJEMEN INVESTASI,REKSA DANA MANDIRI INVESTA EQUITY ASEAN 5 PLUS
PTBankCTBCIndonesia,PT MANDIRI MANAJEMEN INVESTASI,REKSA DANA MANDIRI INVESTA PASAR UANG
PTBankCTBCIndonesia,PT Manulife Aset Manajemen Indonesia,REKSA DANA MANULIFE DANA SAHAM KELAS A
PTBankCTBCIndonesia,PT Manulife Aset Manajemen Indonesia,REKSA DANA MANULIFE GREATER INDONESIA FUND
PTBankCTBCIndonesia,PT Manulife Aset Manajemen Indonesia,Reksa Dana Manulife Pendapatan Bulanan II
PTBankCTBCIndonesia,PT Manulife Aset Manajemen Indonesia,Reksa Dana Manulife Saham Smc Plus
PTBankCTBCIndonesia,PT Manulife Aset Manajemen Indonesia,REKSA DANA MANULIFE USD FIXED INCOME KELAS A
PTBankCTBCIndonesia,PT BNI Asset Management,Reksa Dana Pendapatan Tetap ITB Harmoni BNI AM
PTBankCTBCIndonesia,PT. Eastspring Investments Indonesia,REKSA DANA SAHAM EASTSPRING INVESTMENTS ALPHA NAVIGATOR KELAS A
PTBankCTBCIndonesia,PT Batavia Prosperindo Aset Manajemen,REKSA DANA SYARIAH BATAVIA GLOBAL ESG SHARIA EQUITY USD
PTBankCTBCIndonesia,PT Batavia Prosperindo Aset Manajemen,REKSA DANA SYARIAH BATAVIA TECHNOLOGY SHARIA EQUITY USD
PTBankCTBCIndonesia,PT. Eastspring Investments Indonesia,REKSA DANA SYARIAH EASTSPRING SYARIAH EQUITY ISLAMIC ASIA PACIFIC USD KELAS A
PTBankCTBCIndonesia,PT. Eastspring Investments Indonesia,REKSA DANA SYARIAH EASTSPRING SYARIAH FIXED INCOME USD KELAS A
PTBankCTBCIndonesia,PT. Eastspring Investments Indonesia,REKSA DANA SYARIAH EASTSPRING SYARIAH GREATER CHINA EQUITY USD KELAS A
PTBankCTBCIndonesia,PT Manulife Aset Manajemen Indonesia,Reksa Dana Syariah Manulife Saham Syariah Asia Pasifik Dollar AS
PTBankCTBCIndonesia,PT Manulife Aset Manajemen Indonesia,Reksa Dana Syariah Manulife Saham Syariah Global Dividen Dolar AS Kelas A3
