PTBankCommonwealth,PT Batavia Prosperindo Aset Manajemen,BATAVIA DANA SAHAM
PTBankCommonwealth,PT Batavia Prosperindo Aset Manajemen,BATAVIA DANA SAHAM OPTIMAL
PTBankCommonwealth,PT Ashmore Asset Management Indonesia,Reksa Dana Ashmore Dana Ekuitas Nusantara
PTBankCommonwealth,PT Ashmore Asset Management Indonesia,Reksa Dana Ashmore Dana Obligasi Nusantara
PTBankCommonwealth,PT Ashmore Asset Management Indonesia,Reksa Dana Ashmore Dana Obligasi Unggulan Nusantara
PTBankCommonwealth,PT Ashmore Asset Management Indonesia,Reksa Dana Ashmore Dana Pasar Uang Nusantara
PTBankCommonwealth,PT Ashmore Asset Management Indonesia,Reksa Dana Ashmore Dana Progresif Nusantara
PTBankCommonwealth,PT Ashmore Asset Management Indonesia,REKSA DANA ASHMORE DIGITAL EQUITY SUSTAINABLE FUND
PTBankCommonwealth,PT. Bahana TCW Investment Management,REKSA DANA BAHANA PRIMAVERA PLUS
PTBankCommonwealth,PT Batavia Prosperindo Aset Manajemen,Reksa Dana Batavia Dana Kas Maxima
