PTBankGaneshaTbk,PT. Bahana TCW Investment Management,REKSA DANA BAHANA DANA INFRASTRUKTUR
PTBankGaneshaTbk,PT. Bahana TCW Investment Management,REKSA DANA BAHANA DANA LIKUID
PTBankGaneshaTbk,PT. Bahana TCW Investment Management,REKSA DANA BAHANA OBLIGASI GANESHA KELAS D
PTBankGaneshaTbk,PT. Bahana TCW Investment Management,REKSA DANA BAHANA OBLIGASI GANESHA KELAS G
PTBankGaneshaTbk,PT. Bahana TCW Investment Management,REKSA DANA BAHANA PRIMAVERA PLUS
PTBankGaneshaTbk,PT Trimegah Asset Management,REKSA DANA TRAM CONSUMPTION PLUS KELAS A
PTBankGaneshaTbk,PT Trimegah Asset Management,Reksa Dana TRIM Dana Tetap 2
PTBankGaneshaTbk,PT Trimegah Asset Management,REKSA DANA TRIM KAS 2 KELAS A
