PTBahanaSekuritas,PT Mega Asset Management,MEGA DANA KAS
PTBahanaSekuritas,PT. Bahana TCW Investment Management,Reksa Dana ABF Indonesia Bond Index Fund
PTBahanaSekuritas,PT Avrist Asset Management,REKSA DANA AVRIST ADA OBLIGASI BERLIAN
PTBahanaSekuritas,PT. Bahana TCW Investment Management,REKSA DANA BAHANA DANA LIKUID
PTBahanaSekuritas,PT. Bahana TCW Investment Management,REKSA DANA BAHANA OBLIGASI KEHATI LESTARI KELAS G
PTBahanaSekuritas,PT. Bahana TCW Investment Management,REKSA DANA BAHANA PRIMAVERA 99 Kelas G
PTBahanaSekuritas,PT BNI Asset Management,REKSA DANA BNI AM DANA LIKUID
PTBahanaSekuritas,PT BNI Asset Management,REKSA DANA BNIAM DANA LANCAR SYARIAH
PTBahanaSekuritas,PT Capital Asset Management,REKSA DANA CAPITAL MONEY MARKET FUND
PTBahanaSekuritas,PT Avrist Asset Management,REKSA DANA INDEKS AVRIST INDEKS LQ45
PTBahanaSekuritas,PT BNI Asset Management,REKSA DANA INDEKS BNI AM INDEKS IDX30
PTBahanaSekuritas,PT SYAILENDRA CAPITAL,REKSA DANA INDEKS SYAILENDRA MSCI INDONESIA VALUE INDEX FUND KELAS A
PTBahanaSekuritas,PT Samuel Aset Manajemen,REKSA DANA SAM INDONESIAN EQUITY FUND
PTBahanaSekuritas,PT. Bahana TCW Investment Management,REKSA DANA SYARIAH BAHANA LIKUID SYARIAH KELAS G
PTBahanaSekuritas,PT. Bahana TCW Investment Management,REKSA DANA SYARIAH BAHANA MES SYARIAH FUND Kelas G
PTBahanaSekuritas,PT Panin Asset Management,REKSA DANA SYARIAH PANIN DANA LIKUID SYARIAH
PTBahanaSekuritas,PT Trimegah Asset Management,REKSA DANA TRIM KAPITAL PLUS
PTBahanaSekuritas,PT Trimegah Asset Management,REKSA DANA TRIM KAS 2 KELAS A
PTBahanaSekuritas,PT Trimegah Asset Management,REKSA DANA TRIM SYARIAH SAHAM
