PTBankNeoCommerceTbk,PT Batavia Prosperindo Aset Manajemen,BATAVIA DANA DINAMIS
PTBankNeoCommerceTbk,PT Batavia Prosperindo Aset Manajemen,BATAVIA DANA SAHAM
PTBankNeoCommerceTbk,PT Batavia Prosperindo Aset Manajemen,BATAVIA DANA SAHAM OPTIMAL
PTBankNeoCommerceTbk,PT Ashmore Asset Management Indonesia,Reksa Dana Ashmore Dana Ekuitas Nusantara
PTBankNeoCommerceTbk,PT Ashmore Asset Management Indonesia,Reksa Dana Ashmore Dana Obligasi Nusantara
PTBankNeoCommerceTbk,PT Ashmore Asset Management Indonesia,Reksa Dana Ashmore Dana Obligasi Unggulan Nusantara
PTBankNeoCommerceTbk,PT Ashmore Asset Management Indonesia,Reksa Dana Ashmore Dana Progresif Nusantara
PTBankNeoCommerceTbk,PT Ashmore Asset Management Indonesia,REKSA DANA ASHMORE SAHAM DINAMIS NUSANTARA
PTBankNeoCommerceTbk,PT Batavia Prosperindo Aset Manajemen,REKSA DANA BATAVIA DANA OBLIGASI ULTIMA
PTBankNeoCommerceTbk,PT. Eastspring Investments Indonesia,REKSA DANA EASTSPRING INVESTMENTS VALUE DISCOVERY KELAS A
PTBankNeoCommerceTbk,PT. Eastspring Investments Indonesia,REKSA DANA EASTSPRING INVESTMENTS YIELD DISCOVERY KELAS A
PTBankNeoCommerceTbk,PT. Eastspring Investments Indonesia,REKSA DANA INDEKS EASTSPRING IDX ESG LEADERS PLUS KELAS A
PTBankNeoCommerceTbk,PT Manulife Aset Manajemen Indonesia,Reksa Dana Manulife Dana Campuran II
PTBankNeoCommerceTbk,PT Manulife Aset Manajemen Indonesia,REKSA DANA MANULIFE DANA SAHAM KELAS A
PTBankNeoCommerceTbk,PT Manulife Aset Manajemen Indonesia,REKSA DANA MANULIFE OBLIGASI NEGARA INDONESIA II Kelas A
PTBankNeoCommerceTbk,PT Manulife Aset Manajemen Indonesia,Reksa Dana Manulife Pendapatan Bulanan II
PTBankNeoCommerceTbk,PT Manulife Aset Manajemen Indonesia,Reksa Dana Manulife Saham Andalan
PTBankNeoCommerceTbk,PT Manulife Aset Manajemen Indonesia,Reksa Dana Manulife Syariah Sektoral Amanah Kelas A
PTBankNeoCommerceTbk,PT Sucorinvest Asset Management,REKSA DANA PENDAPATAN TETAP SUCORINVEST MONTHLY INCOME FUND
PTBankNeoCommerceTbk,PT Sucorinvest Asset Management,Reksa Dana Sucorinvest Equity Fund
PTBankNeoCommerceTbk,PT Sucorinvest Asset Management,Reksa Dana Sucorinvest Sharia Equity Fund
