PTBNISekuritas,PT Avrist Asset Management,Avrist Balanced Amar Syariah
PTBNISekuritas,PT Avrist Asset Management,Avrist Equity Amar Syariah
PTBNISekuritas,PT Batavia Prosperindo Aset Manajemen,BATAVIA DANA DINAMIS
PTBNISekuritas,PT Batavia Prosperindo Aset Manajemen,BATAVIA DANA SAHAM
PTBNISekuritas,PT Sinarmas Asset Management,Danamas Pasti
PTBNISekuritas,PT Sinarmas Asset Management,DANAMAS RUPIAH PLUS
PTBNISekuritas,PT Avrist Asset Management,REKSA DANA AVRIST ADA KAS MUTIARA
PTBNISekuritas,PT Avrist Asset Management,REKSA DANA AVRIST ADA SAHAM BLUE SAFIR
PTBNISekuritas,PT Avrist Asset Management,REKSA DANA AVRIST PRIME BOND FUND
PTBNISekuritas,PT Batavia Prosperindo Aset Manajemen,Reksa Dana Batavia Dana Kas Maxima
PTBNISekuritas,PT Batavia Prosperindo Aset Manajemen,REKSA DANA BATAVIA DANA OBLIGASI ULTIMA
PTBNISekuritas,PT Batavia Prosperindo Aset Manajemen,Reksa Dana Batavia LQ45 Plus
PTBNISekuritas,PT BNI Asset Management,REKSA DANA BNI AM DANA DOMPET DHUAFA
PTBNISekuritas,PT BNI Asset Management,REKSA DANA BNI AM DANA LIKUID
PTBNISekuritas,PT BNI Asset Management,Reksa Dana BNI AM Dana Pendapatan Tetap Makara Investasi
PTBNISekuritas,PT BNI Asset Management,REKSA DANA BNI AM UGM PROGRESSIVE BALANCED
PTBNISekuritas,PT BNI Asset Management,REKSA DANA BNIAM DANA PASAR UANG KEMILAU
PTBNISekuritas,PT BNI Asset Management,REKSA DANA BNIAM DANA SAHAM INSPIRING EQUITY FUND
PTBNISekuritas,PT BNI Asset Management,REKSA DANA BNIAM DANA SAHAM SYARIAH MUSAHAMAH
PTBNISekuritas,PT Capital Asset Management,REKSA DANA CAPITAL FIXED INCOME FUND
PTBNISekuritas,PT Capital Asset Management,REKSA DANA CAPITAL MONEY MARKET FUND
PTBNISekuritas,PT CIPTADANA ASSET MANAGEMENT,REKSA DANA CIPTA BOND
PTBNISekuritas,PT CIPTADANA ASSET MANAGEMENT,REKSA DANA CIPTA DANA CASH
PTBNISekuritas,PT CIPTADANA ASSET MANAGEMENT,Reksa Dana Cipta Saham Unggulan
PTBNISekuritas,PT CIPTADANA ASSET MANAGEMENT,REKSA DANA CIPTA SYARIAH EQUITY
PTBNISekuritas,PT BRI MANAJEMEN INVESTASI,Reksa Dana Danareksa Melati Pendapatan Utama
PTBNISekuritas,PT BRI MANAJEMEN INVESTASI,REKSA DANA DANAREKSA SERUNI PASAR UANG II KELAS A
PTBNISekuritas,PT Avrist Asset Management,REKSA DANA INDEKS AVRIST IDX30
PTBNISekuritas,PT BNI Asset Management,REKSA DANA INDEKS BNI AM INDEKS IDX GROWTH30 KELAS R1
PTBNISekuritas,PT BNI Asset Management,REKSA DANA INDEKS BNI AM INDEKS IDX30
PTBNISekuritas,PT BNI Asset Management,REKSA DANA INDEKS BNI AM SHORT DURATION BONDS INDEX KELAS R1
PTBNISekuritas,PT SYAILENDRA CAPITAL,REKSA DANA INDEKS SYAILENDRA MSCI INDONESIA VALUE INDEX FUND KELAS A
PTBNISekuritas,PT MANDIRI MANAJEMEN INVESTASI,REKSA DANA MANDIRI INVESTA EQUITY ASEAN 5 PLUS
PTBNISekuritas,PT Manulife Aset Manajemen Indonesia,REKSA DANA MANULIFE DANA KAS II KELAS A
PTBNISekuritas,PT BNI Asset Management,REKSA DANA PENDAPATAN TETAP BNI AM QUALITY LONG DURATION FUND
PTBNISekuritas,PT BNI Asset Management,Reksa Dana Pendapatan Tetap ITB Harmoni BNI AM
PTBNISekuritas,PT Sucorinvest Asset Management,Reksa Dana Pendapatan Tetap Reksa Dana Sucorinvest Bond Fund
PTBNISekuritas,PT Principal Asset Management,REKSA DANA PRINCIPAL CASH FUND
PTBNISekuritas,PT Principal Asset Management,REKSA DANA PRINCIPAL ISLAMIC EQUITY GROWTH SYARIAH
PTBNISekuritas,PT Principal Asset Management,REKSA DANA PRINCIPAL TOTAL RETURN EQUITY FUND KELAS O
PTBNISekuritas,PT CIPTADANA ASSET MANAGEMENT,REKSA DANA RENCANA CERDAS
PTBNISekuritas,PT Samuel Aset Manajemen,REKSA DANA SAM INDONESIAN EQUITY FUND
PTBNISekuritas,PT Samuel Aset Manajemen,REKSA DANA SAM SUKUK SYARIAH SEJAHTERA
PTBNISekuritas,PT Shinhan Asset Management Indonesia,Reksa Dana Shinhan Balance Fund
PTBNISekuritas,PT Shinhan Asset Management Indonesia,Reksa Dana Shinhan Equity Growth
PTBNISekuritas,PT Sinarmas Asset Management,REKSA DANA SIMAS SAHAM BERTUMBUH
PTBNISekuritas,PT Sinarmas Asset Management,REKSA DANA SIMAS SAHAM UNGGULAN
PTBNISekuritas,PT Sinarmas Asset Management,REKSA DANA SIMAS SATU PRIMA
PTBNISekuritas,PT Sinarmas Asset Management,REKSA DANA SIMAS SYARIAH BERKEMBANG
PTBNISekuritas,PT Sinarmas Asset Management,REKSA DANA SIMAS SYARIAH UNGGULAN
PTBNISekuritas,PT Surya Timur Alam Raya Asset Management,REKSA DANA STAR MONEY MARKET KELAS UTAMA
PTBNISekuritas,PT Surya Timur Alam Raya Asset Management,REKSA DANA STAR STABLE INCOME FUND
PTBNISekuritas,PT Sucorinvest Asset Management,Reksa Dana Sucorinvest Equity Fund
PTBNISekuritas,PT Sucorinvest Asset Management,Reksa Dana Sucorinvest Maxi Fund
PTBNISekuritas,PT Sucorinvest Asset Management,Reksa Dana Sucorinvest Money Market Fund
PTBNISekuritas,PT Sucorinvest Asset Management,Reksa Dana Sucorinvest Sharia Equity Fund
PTBNISekuritas,PT SYAILENDRA CAPITAL,REKSA DANA SYAILENDRA BALANCED OPPORTUNITY FUND KELAS A
PTBNISekuritas,PT SYAILENDRA CAPITAL,REKSA DANA SYAILENDRA DANA KAS
PTBNISekuritas,PT SYAILENDRA CAPITAL,REKSA DANA SYAILENDRA EQUITY OPPORTUNITY FUND KELAS A
PTBNISekuritas,PT Capital Asset Management,REKSA DANA SYARIAH CAPITAL SHARIA MONEY MARKET
PTBNISekuritas,PT CIPTADANA ASSET MANAGEMENT,REKSA DANA SYARIAH CIPTA DANA KAS SYARIAH
PTBNISekuritas,PT MANDIRI MANAJEMEN INVESTASI,REKSA DANA SYARIAH MANDIRI PASAR UANG SYARIAH
PTBNISekuritas,PT Manulife Aset Manajemen Indonesia,REKSA DANA SYARIAH MANULIFE SYARIAH SUKUK INDONESIA
PTBNISekuritas,PT Avrist Asset Management,REKSA DANA SYARIAH TERPROTEKSI AVRIST DANA TERPROTEKSI SUKUK BERKAH SYARIAH 2
PTBNISekuritas,PT Avrist Asset Management,REKSA DANA SYARIAH TERPROTEKSI AVRIST PROTEKSI SUKUK BERKAH SYARIAH 4
PTBNISekuritas,PT Avrist Asset Management,REKSA DANA SYARIAH TERPROTEKSI AVRIST SUKUK BERKAH 5
PTBNISekuritas,PT Capital Asset Management,REKSA DANA SYARIAH TERPROTEKSI CAPITAL SHARIA OPTIMAL PROTECTED FUND 10
PTBNISekuritas,PT Capital Asset Management,REKSA DANA SYARIAH TERPROTEKSI CAPITAL SHARIA OPTIMAL PROTECTED FUND 9
PTBNISekuritas,PT Avrist Asset Management,REKSA DANA TERPROTEKSI AVRIST DANA TERPROTEKSI SPIRIT 5
PTBNISekuritas,PT Avrist Asset Management,REKSA DANA TERPROTEKSI AVRIST DANA TERPROTEKSI SPIRIT 6
PTBNISekuritas,PT Avrist Asset Management,REKSA DANA TERPROTEKSI AVRIST DANA TERPROTEKSI SPIRIT 7
PTBNISekuritas,PT Avrist Asset Management,REKSA DANA TERPROTEKSI AVRIST DANA TERPROTEKSI SPIRIT 8
PTBNISekuritas,PT Avrist Asset Management,REKSA DANA TERPROTEKSI AVRIST PROTEKSI SPIRIT 11
PTBNISekuritas,PT Avrist Asset Management,REKSA DANA TERPROTEKSI AVRIST PROTEKSI SPIRIT 13
PTBNISekuritas,PT Avrist Asset Management,REKSA DANA TERPROTEKSI AVRIST PROTEKSI SPIRIT 14
PTBNISekuritas,PT CIPTADANA ASSET MANAGEMENT,REKSA DANA TERPROTEKSI CIPTA PROTEKSI XXII
PTBNISekuritas,PT Surya Timur Alam Raya Asset Management,REKSA DANA TERPROTEKSI STAR PROTECTED 19
PTBNISekuritas,PT Surya Timur Alam Raya Asset Management,REKSA DANA TERPROTEKSI STAR PROTECTED 21
PTBNISekuritas,PT Surya Timur Alam Raya Asset Management,REKSA DANA TERPROTEKSI STAR PROTECTED IX
PTBNISekuritas,PT Trimegah Asset Management,REKSA DANA TERPROTEKSI TRIMEGAH TERPROTEKSI LESTARI 19
PTBNISekuritas,PT Trimegah Asset Management,Reksa Dana TRAM Alpha
PTBNISekuritas,PT Trimegah Asset Management,REKSA DANA TRAM CONSUMPTION PLUS KELAS A
PTBNISekuritas,PT Trimegah Asset Management,Reksa Dana TRAM Infrastructure Plus
PTBNISekuritas,PT Trimegah Asset Management,Reksa Dana TRAM Strategic Plus
PTBNISekuritas,PT Trimegah Asset Management,Reksa Dana TRIM Dana Tetap 2
PTBNISekuritas,PT Trimegah Asset Management,REKSA DANA TRIM KAPITAL PLUS
PTBNISekuritas,PT Trimegah Asset Management,REKSA DANA TRIM KAS 2 KELAS A
PTBNISekuritas,PT Trimegah Asset Management,REKSA DANA TRIM KOMBINASI 2
PTBNISekuritas,PT Trimegah Asset Management,REKSA DANA TRIM SYARIAH BERIMBANG
PTBNISekuritas,PT Trimegah Asset Management,REKSA DANA TRIM SYARIAH SAHAM
PTBNISekuritas,PT Trimegah Asset Management,REKSA DANA TRIMEGAH FIXED INCOME PLAN
PTBNISekuritas,PT Trimegah Asset Management,REKSA DANA TRIMEGAH KAS SYARIAH
PTBNISekuritas,PT Shinhan Asset Management Indonesia,REKSADANA SHINHAN MONEY MARKET FUND
PTBNISekuritas,PT Trimegah Asset Management,TRIM Kapital
