PTBRIDanareksaSekuritas,PT Batavia Prosperindo Aset Manajemen,BATAVIA DANA SAHAM
PTBRIDanareksaSekuritas,PT Sinarmas Asset Management,DANAMAS STABIL
PTBRIDanareksaSekuritas,PT Batavia Prosperindo Aset Manajemen,Reksa Dana Batavia Dana Kas Maxima
PTBRIDanareksaSekuritas,PT Batavia Prosperindo Aset Manajemen,REKSA DANA BATAVIA DANA OBLIGASI ULTIMA
PTBRIDanareksaSekuritas,PT BERDIKARI MANAJEMEN INVESTASI,REKSA DANA BMI INDO OBLIGASI MANTAP
PTBRIDanareksaSekuritas,PT BNI Asset Management,REKSA DANA BNI AM DANA LIKUID
PTBRIDanareksaSekuritas,PT BNI Asset Management,REKSA DANA BNIAM DANA SAHAM INSPIRING EQUITY FUND
PTBRIDanareksaSekuritas,PT. BNP Paribas Asset Management,REKSA DANA BNP PARIBAS EKUITAS
PTBRIDanareksaSekuritas,PT. BNP Paribas Asset Management,REKSA DANA BNP PARIBAS INFRASTRUKTUR PLUS
PTBRIDanareksaSekuritas,PT. BNP Paribas Asset Management,REKSA DANA BNP PARIBAS PESONA
PTBRIDanareksaSekuritas,PT. BNP Paribas Asset Management,REKSA DANA BNP PARIBAS PRIMA II KELAS DR1
PTBRIDanareksaSekuritas,PT. BNP Paribas Asset Management,REKSA DANA BNP PARIBAS RUPIAH PLUS
PTBRIDanareksaSekuritas,PT. BNP Paribas Asset Management,REKSA DANA BNP PARIBAS SOLARIS
PTBRIDanareksaSekuritas,PT BRI MANAJEMEN INVESTASI,REKSA DANA DANAREKSA ANGGREK FLEKSIBEL
PTBRIDanareksaSekuritas,PT BRI MANAJEMEN INVESTASI,REKSA DANA DANAREKSA BALANCED REGULAR INCOME FUND
PTBRIDanareksaSekuritas,PT BRI MANAJEMEN INVESTASI,REKSA DANA DANAREKSA BRAWIJAYA ABADI PENDAPATAN TETAP
PTBRIDanareksaSekuritas,PT BRI MANAJEMEN INVESTASI,REKSA DANA DANAREKSA GAMASTEPS PASAR UANG
PTBRIDanareksaSekuritas,PT BRI MANAJEMEN INVESTASI,REKSA DANA DANAREKSA GEBYAR DANA LIKUID
PTBRIDanareksaSekuritas,PT BRI MANAJEMEN INVESTASI,REKSA DANA DANAREKSA GEBYAR INDONESIA II
PTBRIDanareksaSekuritas,PT BRI MANAJEMEN INVESTASI,REKSA DANA DANAREKSA INDEKS SYARIAH
PTBRIDanareksaSekuritas,PT BRI MANAJEMEN INVESTASI,REKSA DANA DANAREKSA MAWAR
PTBRIDanareksaSekuritas,PT BRI MANAJEMEN INVESTASI,REKSA DANA DANAREKSA MAWAR FOKUS 10
PTBRIDanareksaSekuritas,PT BRI MANAJEMEN INVESTASI,REKSA DANA DANAREKSA MAWAR KOMODITAS 10
PTBRIDanareksaSekuritas,PT BRI MANAJEMEN INVESTASI,REKSA DANA DANAREKSA MAWAR KONSUMER 10 KELAS A
PTBRIDanareksaSekuritas,PT BRI MANAJEMEN INVESTASI,Reksa Dana Danareksa Melati Pendapatan Utama
PTBRIDanareksaSekuritas,PT BRI MANAJEMEN INVESTASI,REKSA DANA DANAREKSA MELATI PREMIUM DOLLAR
PTBRIDanareksaSekuritas,PT BRI MANAJEMEN INVESTASI,REKSA DANA DANAREKSA SERUNI PASAR UANG II KELAS A
PTBRIDanareksaSekuritas,PT BRI MANAJEMEN INVESTASI,REKSA DANA DANAREKSA SERUNI PASAR UANG III
PTBRIDanareksaSekuritas,PT BRI MANAJEMEN INVESTASI,REKSA DANA DANAREKSA SYARIAH BERIMBANG
PTBRIDanareksaSekuritas,PT BRI MANAJEMEN INVESTASI,REKSA DANA DANAREKSA SYARIAH SAHAM
PTBRIDanareksaSekuritas,PT. BNP Paribas Asset Management,REKSA DANA INDEKS BNP PARIBAS IDX GROWTH30
PTBRIDanareksaSekuritas,PT. BNP Paribas Asset Management,Reksa Dana Indeks BNP Paribas Sri Kehati
PTBRIDanareksaSekuritas,PT BRI MANAJEMEN INVESTASI,REKSA DANA INDEKS DANAREKSA MSCI INDONESIA ESG SCREENED KELAS A
PTBRIDanareksaSekuritas,PT Principal Asset Management,REKSA DANA INDEKS PRINCIPAL INDEX IDX30
PTBRIDanareksaSekuritas,PT Principal Asset Management,REKSA DANA INDEKS PRINCIPAL INDEX IDX30 KELAS O
PTBRIDanareksaSekuritas,PT BRI MANAJEMEN INVESTASI,REKSA DANA PENYERTAAN TERBATAS DANAREKSA BUMN FUND 2019 PROPERTI 6
PTBRIDanareksaSekuritas,PT Indo Premier Investment Management,REKSA DANA PREMIER PASAR UANG II
PTBRIDanareksaSekuritas,PT Principal Asset Management,REKSA DANA PRINCIPAL BALANCED STRATEGIC PLUS
PTBRIDanareksaSekuritas,PT Principal Asset Management,REKSA DANA PRINCIPAL CASH FUND
PTBRIDanareksaSekuritas,PT BNI Asset Management,REKSA DANA SAHAM BNIAM MAHOGANY
PTBRIDanareksaSekuritas,PT Sinarmas Asset Management,REKSA DANA SIMAS DANAMAS INSTRUMEN NEGARA
PTBRIDanareksaSekuritas,PT Surya Timur Alam Raya Asset Management,REKSA DANA STAR MONEY MARKET KELAS UTAMA
PTBRIDanareksaSekuritas,PT Surya Timur Alam Raya Asset Management,REKSA DANA STAR SUSTAINABLE EQUITY
PTBRIDanareksaSekuritas,PT SYAILENDRA CAPITAL,REKSA DANA SYAILENDRA BALANCED OPPORTUNITY FUND KELAS A
PTBRIDanareksaSekuritas,PT SYAILENDRA CAPITAL,REKSA DANA SYAILENDRA DANA KAS
PTBRIDanareksaSekuritas,PT SYAILENDRA CAPITAL,REKSA DANA SYAILENDRA EQUITY OPPORTUNITY FUND KELAS A
PTBRIDanareksaSekuritas,PT. BNP Paribas Asset Management,REKSA DANA SYARIAH BNP PARIBAS CAKRA SYARIAH USD KELAS RK1
PTBRIDanareksaSekuritas,PT. BNP Paribas Asset Management,Reksa Dana Syariah BNP Paribas Pesona Syariah
PTBRIDanareksaSekuritas,PT BRI MANAJEMEN INVESTASI,REKSA DANA SYARIAH DANAREKSA SERUNI PASAR UANG SYARIAH
PTBRIDanareksaSekuritas,PT SYAILENDRA CAPITAL,Reksa Dana Syariah Syailendra Sharia Money Market Fund
PTBRIDanareksaSekuritas,PT BNI Asset Management,REKSA DANA TERPROTEKSI BNI AM PROTEKSI EBONY
PTBRIDanareksaSekuritas,PT BRI MANAJEMEN INVESTASI,Reksa Dana Terproteksi Danareksa Proteksi 70
