PTCiptadanaSekuritasAsia,PT CIPTADANA ASSET MANAGEMENT,REKSA DANA CIPTA BOND
PTCiptadanaSekuritasAsia,PT CIPTADANA ASSET MANAGEMENT,REKSA DANA CIPTA DANA CASH
PTCiptadanaSekuritasAsia,PT CIPTADANA ASSET MANAGEMENT,REKSA DANA CIPTA DINAMIKA
PTCiptadanaSekuritasAsia,PT CIPTADANA ASSET MANAGEMENT,REKSA DANA CIPTA SYARIAH BALANCE
PTCiptadanaSekuritasAsia,PT CIPTADANA ASSET MANAGEMENT,REKSA DANA CIPTA SYARIAH EQUITY
PTCiptadanaSekuritasAsia,PT CIPTADANA ASSET MANAGEMENT,REKSA DANA RENCANA CERDAS
