PTHenanPutihraiSekuritas ,PT Henan Putihrai Asset Management,REKSA DANA HPAM FLEXI PLUS
PTHenanPutihraiSekuritas ,PT Henan Putihrai Asset Management,REKSA DANA HPAM GOVERNMENT BOND
PTHenanPutihraiSekuritas ,PT Henan Putihrai Asset Management,REKSA DANA HPAM PENDAPATAN TETAP PRIMA
PTHenanPutihraiSekuritas ,PT Henan Putihrai Asset Management,REKSA DANA HPAM SYARIAH EKUITAS
PTHenanPutihraiSekuritas ,PT Henan Putihrai Asset Management,REKSA DANA HPAM ULTIMA EKUITAS 1
PTHenanPutihraiSekuritas ,PT Henan Putihrai Asset Management,REKSA DANA HPAM ULTIMA MONEY MARKET
PTHenanPutihraiSekuritas ,PT Henan Putihrai Asset Management,REKSA DANA SYARIAH HPAM EKUITAS SYARIAH BERKAH
