PTIndoPremierSekuritas,PT Avrist Asset Management,Avrist Balanced Amar Syariah
PTIndoPremierSekuritas,PT Avrist Asset Management,Avrist Equity Amar Syariah
PTIndoPremierSekuritas,PT Avrist Asset Management,Avrist Equity Cross Sectoral
PTIndoPremierSekuritas,PT Batavia Prosperindo Aset Manajemen,BATAVIA DANA DINAMIS
PTIndoPremierSekuritas,PT Batavia Prosperindo Aset Manajemen,BATAVIA DANA SAHAM
PTIndoPremierSekuritas,PT Batavia Prosperindo Aset Manajemen,BATAVIA DANA SAHAM OPTIMAL
PTIndoPremierSekuritas,PT Batavia Prosperindo Aset Manajemen,BATAVIA DANA SAHAM SYARIAH
PTIndoPremierSekuritas,PT Sinarmas Asset Management,Danamas Pasti
PTIndoPremierSekuritas,PT Sinarmas Asset Management,DANAMAS RUPIAH PLUS
PTIndoPremierSekuritas,PT Sinarmas Asset Management,DANAMAS STABIL
PTIndoPremierSekuritas,PT Mega Asset Management,MEGA ASSET MANTAP PLUS
PTIndoPremierSekuritas,PT Mega Asset Management,MEGA DANA KAS
PTIndoPremierSekuritas,PT PNM Investment Management,PNM SAHAM AGRESIF
PTIndoPremierSekuritas,PT Insight Investments Management,RD HAJI SYARIAH I HAJJ
PTIndoPremierSekuritas,PT Pinnacle Persada Investama,RD SYARIAH PINNACLE SHARIA MONEY MARKET FUND
PTIndoPremierSekuritas,PT Insight Investments Management,REKSA DANA  INSIGHT MONEY SYARIAH
PTIndoPremierSekuritas,PT. Bahana TCW Investment Management,Reksa Dana ABF Indonesia Bond Index Fund
PTIndoPremierSekuritas,PT Allianz Global Investors Asset Management Indonesia,REKSA DANA ALLIANZ ALPHA SECTOR ROTATION
PTIndoPremierSekuritas,PT Allianz Global Investors Asset Management Indonesia,REKSA DANA ALLIANZ FIXED INCOME FUND 2
PTIndoPremierSekuritas,PT Allianz Global Investors Asset Management Indonesia,REKSA DANA ALLIANZ RUPIAH LIQUID FUND
PTIndoPremierSekuritas,PT Architas Asset Management Indonesia,REKSA DANA ARCHITAS DANA BERIMBANG
PTIndoPremierSekuritas,PT Architas Asset Management Indonesia,REKSA DANA ARCHITAS DANA CAMPURAN
PTIndoPremierSekuritas,PT Architas Asset Management Indonesia,REKSA DANA ARCHITAS OBLIGASI RUPIAH
PTIndoPremierSekuritas,PT Architas Asset Management Indonesia,REKSA DANA ARCHITAS SAHAM DINAMIS
PTIndoPremierSekuritas,PT Ashmore Asset Management Indonesia,Reksa Dana Ashmore Dana Ekuitas Nusantara
PTIndoPremierSekuritas,PT Ashmore Asset Management Indonesia,Reksa Dana Ashmore Dana Obligasi Nusantara
PTIndoPremierSekuritas,PT Ashmore Asset Management Indonesia,Reksa Dana Ashmore Dana Pasar Uang Nusantara
PTIndoPremierSekuritas,PT Ashmore Asset Management Indonesia,Reksa Dana Ashmore Dana Progresif Nusantara
PTIndoPremierSekuritas,PT Asiantrust Asset Management,REKSA DANA ASIANTRUST AMANAH SYARIAH FUND
PTIndoPremierSekuritas,PT Asiantrust Asset Management,REKSA DANA ASIANTRUST BALANCED FUND
PTIndoPremierSekuritas,PT Asiantrust Asset Management,REKSA DANA ASIANTRUST CASH FUND
PTIndoPremierSekuritas,PT Asiantrust Asset Management,REKSA DANA ASIANTRUST ENHANCED STRATEGY FUND
PTIndoPremierSekuritas,PT Avrist Asset Management,REKSA DANA AVRIST ADA KAS MUTIARA
PTIndoPremierSekuritas,PT Avrist Asset Management,REKSA DANA AVRIST PRIME BOND FUND
PTIndoPremierSekuritas,PT Avrist Asset Management,Reksa Dana Avrist Prime Income Fund
PTIndoPremierSekuritas,PT. Bahana TCW Investment Management,REKSA DANA BAHANA DANA EKUITAS PRIMA
PTIndoPremierSekuritas,PT. Bahana TCW Investment Management,REKSA DANA BAHANA DANA INFRASTRUKTUR
PTIndoPremierSekuritas,PT. Bahana TCW Investment Management,REKSA DANA BAHANA DANA LIKUID
PTIndoPremierSekuritas,PT. Bahana TCW Investment Management,REKSA DANA BAHANA OBLIGASI GANESHA KELAS G
PTIndoPremierSekuritas,PT. Bahana TCW Investment Management,REKSA DANA BAHANA OBLIGASI KEHATI LESTARI KELAS G
PTIndoPremierSekuritas,PT. Bahana TCW Investment Management,REKSA DANA BAHANA PENDAPATAN TETAP MAKARA PRIMA KELAS G
PTIndoPremierSekuritas,PT. Bahana TCW Investment Management,REKSA DANA BAHANA PRIMAVERA PLUS
PTIndoPremierSekuritas,PT. Bahana TCW Investment Management,REKSA DANA BAHANA QUANT STRATEGY
PTIndoPremierSekuritas,PT. Bahana TCW Investment Management,REKSA DANA BAHANA TRAILBLAZER FUND
PTIndoPremierSekuritas,PT Sucorinvest Asset Management,Reksa Dana Balanced Fund Sucorinvest Anak Pintar
PTIndoPremierSekuritas,PT Batavia Prosperindo Aset Manajemen,Reksa Dana Batavia Dana Kas Maxima
PTIndoPremierSekuritas,PT Batavia Prosperindo Aset Manajemen,REKSA DANA BATAVIA DANA OBLIGASI ULTIMA
PTIndoPremierSekuritas,PT Batavia Prosperindo Aset Manajemen,REKSA DANA BATAVIA DISRUPTIVE EQUITY
PTIndoPremierSekuritas,PT Batavia Prosperindo Aset Manajemen,Reksa Dana Batavia LQ45 Plus
PTIndoPremierSekuritas,PT BNI Asset Management,REKSA DANA BNI AM DANA LIKUID
PTIndoPremierSekuritas,PT BNI Asset Management,Reksa Dana BNI AM Dana Pendapatan Tetap Makara Investasi
PTIndoPremierSekuritas,PT BNI Asset Management,REKSA DANA BNIAM DANA LANCAR SYARIAH
PTIndoPremierSekuritas,PT BNI Asset Management,REKSA DANA BNIAM DANA PASAR UANG KEMILAU
PTIndoPremierSekuritas,PT BNI Asset Management,REKSA DANA BNIAM DANA SAHAM INSPIRING EQUITY FUND
PTIndoPremierSekuritas,PT BNI Asset Management,REKSA DANA BNIAM DANA SAHAM SYARIAH MUSAHAMAH
PTIndoPremierSekuritas,PT. BNP Paribas Asset Management,REKSA DANA BNP PARIBAS EQUITRA CAMPURAN HARMONI
PTIndoPremierSekuritas,PT. BNP Paribas Asset Management,REKSA DANA BNP PARIBAS INDONESIA ESG EQUITY KELAS RK1
PTIndoPremierSekuritas,PT. BNP Paribas Asset Management,REKSA DANA BNP PARIBAS INFRASTRUKTUR PLUS
PTIndoPremierSekuritas,PT. BNP Paribas Asset Management,REKSA DANA BNP PARIBAS OMEGA
PTIndoPremierSekuritas,PT. BNP Paribas Asset Management,REKSA DANA BNP PARIBAS PESONA
PTIndoPremierSekuritas,PT. BNP Paribas Asset Management,REKSA DANA BNP PARIBAS PRIMA II KELAS RK1
PTIndoPremierSekuritas,PT. BNP Paribas Asset Management,REKSA DANA BNP PARIBAS RUPIAH PLUS
PTIndoPremierSekuritas,PT. BNP Paribas Asset Management,REKSA DANA BNP PARIBAS SOLARIS
PTIndoPremierSekuritas,PT. BNP Paribas Asset Management,REKSA DANA BNP PARIBAS SPEKTRA
PTIndoPremierSekuritas,PT Capital Asset Management,REKSA DANA CAPITAL BALANCED GROWTH
PTIndoPremierSekuritas,PT Capital Asset Management,REKSA DANA CAPITAL FIXED INCOME FUND
PTIndoPremierSekuritas,PT Capital Asset Management,REKSA DANA CAPITAL MONEY MARKET FUND
PTIndoPremierSekuritas,PT Capital Asset Management,REKSA DANA CAPITAL OPTIMAL EQUITY
PTIndoPremierSekuritas,PT CIPTADANA ASSET MANAGEMENT,REKSA DANA CIPTA BOND
PTIndoPremierSekuritas,PT CIPTADANA ASSET MANAGEMENT,REKSA DANA CIPTA DANA CASH
PTIndoPremierSekuritas,PT CIPTADANA ASSET MANAGEMENT,REKSA DANA CIPTA DINAMIKA
PTIndoPremierSekuritas,PT CIPTADANA ASSET MANAGEMENT,Reksa Dana Cipta Ovo Ekuitas
PTIndoPremierSekuritas,PT CIPTADANA ASSET MANAGEMENT,Reksa Dana Cipta Saham Unggulan
PTIndoPremierSekuritas,PT CIPTADANA ASSET MANAGEMENT,REKSA DANA CIPTA SAKURA EQUITY
PTIndoPremierSekuritas,PT CIPTADANA ASSET MANAGEMENT,REKSA DANA CIPTA SYARIAH BALANCE
PTIndoPremierSekuritas,PT CIPTADANA ASSET MANAGEMENT,REKSA DANA CIPTA SYARIAH EQUITY
PTIndoPremierSekuritas,PT Pratama Capital Assets Management,REKSA DANA DANA PRATAMA EKUITAS
PTIndoPremierSekuritas,PT Danakita Investama,Reksa Dana Danakita Stabil Pasar Uang
PTIndoPremierSekuritas,PT BRI MANAJEMEN INVESTASI,REKSA DANA DANAREKSA ANGGREK FLEKSIBEL
PTIndoPremierSekuritas,PT BRI MANAJEMEN INVESTASI,REKSA DANA DANAREKSA INDEKS SYARIAH
PTIndoPremierSekuritas,PT BRI MANAJEMEN INVESTASI,REKSA DANA DANAREKSA MAWAR
PTIndoPremierSekuritas,PT BRI MANAJEMEN INVESTASI,REKSA DANA DANAREKSA MAWAR FOKUS 10
PTIndoPremierSekuritas,PT BRI MANAJEMEN INVESTASI,REKSA DANA DANAREKSA MAWAR KOMODITAS 10
PTIndoPremierSekuritas,PT BRI MANAJEMEN INVESTASI,REKSA DANA DANAREKSA MAWAR KONSUMER 10 KELAS A
PTIndoPremierSekuritas,PT BRI MANAJEMEN INVESTASI,Reksa Dana Danareksa Melati Pendapatan Utama
PTIndoPremierSekuritas,PT BRI MANAJEMEN INVESTASI,REKSA DANA DANAREKSA SERUNI PASAR UANG III
PTIndoPremierSekuritas,PT BRI MANAJEMEN INVESTASI,REKSA DANA DANAREKSA SYARIAH BERIMBANG
PTIndoPremierSekuritas,PT. Eastspring Investments Indonesia,REKSA DANA EASTSPRING IDR FIXED INCOME FUND KELAS A
PTIndoPremierSekuritas,PT. Eastspring Investments Indonesia,REKSA DANA EASTSPRING INVESTMENTS CASH RESERVE KELAS A
PTIndoPremierSekuritas,PT. Eastspring Investments Indonesia,REKSA DANA EASTSPRING INVESTMENTS IDR HIGH GRADE KELAS A
PTIndoPremierSekuritas,PT. Eastspring Investments Indonesia,REKSA DANA EASTSPRING INVESTMENTS VALUE DISCOVERY KELAS A
PTIndoPremierSekuritas,PT. Eastspring Investments Indonesia,REKSA DANA EASTSPRING INVESTMENTS YIELD DISCOVERY KELAS A
PTIndoPremierSekuritas,PT FWD Asset Management,REKSA DANA FWD ASSET AGGRESSIVE BALANCED FUND
PTIndoPremierSekuritas,PT FWD Asset Management,REKSA DANA FWD ASSET BALANCED FUND
PTIndoPremierSekuritas,PT FWD Asset Management,REKSA DANA FWD ASSET BOND FUND
PTIndoPremierSekuritas,PT FWD Asset Management,REKSA DANA FWD ASSET DIVIDEND YIELD EQUITY FUND
PTIndoPremierSekuritas,PT FWD Asset Management,REKSA DANA FWD ASSET MONEY MARKET FUND
PTIndoPremierSekuritas,PT FWD Asset Management,REKSA DANA FWD ASSET SECTORAL EQUITY FUND
PTIndoPremierSekuritas,PT Henan Putihrai Asset Management,REKSA DANA HPAM FLEXI PLUS
PTIndoPremierSekuritas,PT Henan Putihrai Asset Management,REKSA DANA HPAM SYARIAH EKUITAS
PTIndoPremierSekuritas,PT Henan Putihrai Asset Management,REKSA DANA HPAM ULTIMA EKUITAS 1
PTIndoPremierSekuritas,PT Henan Putihrai Asset Management,REKSA DANA HPAM ULTIMA MONEY MARKET
PTIndoPremierSekuritas,PT Allianz Global Investors Asset Management Indonesia,REKSA DANA INDEKS ALLIANZ SRI KEHATI INDEX FUND
PTIndoPremierSekuritas,PT Avrist Asset Management,REKSA DANA INDEKS AVRIST IDX30
PTIndoPremierSekuritas,PT BNI Asset Management,REKSA DANA INDEKS BNI AM IDX HIGH DIVIDEND 20 KELAS R1
PTIndoPremierSekuritas,PT BNI Asset Management,REKSA DANA INDEKS BNI AM INDEKS IDX GROWTH30 KELAS R1
PTIndoPremierSekuritas,PT BNI Asset Management,REKSA DANA INDEKS BNI AM INDEKS IDX30
PTIndoPremierSekuritas,PT BNI Asset Management,REKSA DANA INDEKS BNI AM SHORT DURATION BONDS INDEX KELAS R1
PTIndoPremierSekuritas,PT BNI Asset Management,REKSA DANA INDEKS BNI AM SRI KEHATI KELAS R1
PTIndoPremierSekuritas,PT. BNP Paribas Asset Management,REKSA DANA INDEKS BNP PARIBAS IDX GROWTH30
PTIndoPremierSekuritas,PT. BNP Paribas Asset Management,Reksa Dana Indeks BNP Paribas Sri Kehati
PTIndoPremierSekuritas,PT Insight Investments Management,REKSA DANA INDEKS INSIGHT SRI KEHATI LIKUID I SRI LIKUID
PTIndoPremierSekuritas,PT MANDIRI MANAJEMEN INVESTASI,REKSA DANA INDEKS MANDIRI INDEKS FTSE INDONESIA ESG KELAS A
PTIndoPremierSekuritas,PT Principal Asset Management,REKSA DANA INDEKS PRINCIPAL INDEX IDX30
PTIndoPremierSekuritas,PT Principal Asset Management,REKSA DANA INDEKS PRINCIPAL INDEX IDX30 KELAS O
PTIndoPremierSekuritas,PT SYAILENDRA CAPITAL,REKSA DANA INDEKS SYAILENDRA MSCI INDONESIA VALUE INDEX FUND KELAS A
PTIndoPremierSekuritas,PT Trimegah Asset Management,REKSA DANA INDEKS TRIMEGAH FTSE INDONESIA LOW VOLATILITY FACTOR INDEX
PTIndoPremierSekuritas,PT Insight Investments Management,REKSA DANA INSIGHT GOVERNMENT FUND
PTIndoPremierSekuritas,PT Insight Investments Management,REKSA DANA INSIGHT RENEWABLE ENERGY FUND
PTIndoPremierSekuritas,PT Insight Investments Management,REKSA DANA INSIGHT WEALTH
PTIndoPremierSekuritas,PT Jarvis Aset Manajemen,REKSA DANA JARVIS BALANCED FUND
PTIndoPremierSekuritas,PT Jarvis Aset Manajemen,REKSA DANA JARVIS MONEY MARKET FUND
PTIndoPremierSekuritas,PT KISI Asset Management,REKSA DANA KISI EQUITY FUND
PTIndoPremierSekuritas,PT KISI Asset Management,REKSA DANA KISI FIXED INCOME FUND
PTIndoPremierSekuritas,PT KISI Asset Management,REKSA DANA KISI MONEY MARKET FUND
PTIndoPremierSekuritas,PT Kresna Asset Management,REKSA DANA KRESNA FLEXIMA
PTIndoPremierSekuritas,PT Kresna Asset Management,REKSA DANA KRESNA INDEKS 45
PTIndoPremierSekuritas,PT MAJORIS ASSET MANAGEMENT,REKSA DANA MAJORIS OBLIGASI UTAMA INDONESIA
PTIndoPremierSekuritas,PT MAJORIS ASSET MANAGEMENT,REKSA DANA MAJORIS PASAR UANG INDONESIA
PTIndoPremierSekuritas,PT MAJORIS ASSET MANAGEMENT,REKSA DANA MAJORIS SAHAM ALOKASI DINAMIK INDONESIA
PTIndoPremierSekuritas,PT MANDIRI MANAJEMEN INVESTASI,REKSA DANA MANDIRI INVESTA AKTIF
PTIndoPremierSekuritas,PT MANDIRI MANAJEMEN INVESTASI,REKSA DANA MANDIRI INVESTA ATRAKTIF KELAS A
PTIndoPremierSekuritas,PT MANDIRI MANAJEMEN INVESTASI,REKSA DANA MANDIRI INVESTA ATRAKTIF KELAS B
PTIndoPremierSekuritas,PT MANDIRI MANAJEMEN INVESTASI,REKSA DANA MANDIRI INVESTA ATRAKTIF SYARIAH
PTIndoPremierSekuritas,PT MANDIRI MANAJEMEN INVESTASI,REKSA DANA MANDIRI INVESTA CERDAS BANGSA KELAS A
PTIndoPremierSekuritas,PT MANDIRI MANAJEMEN INVESTASI,REKSA DANA MANDIRI INVESTA CERDAS BANGSA KELAS B
PTIndoPremierSekuritas,PT MANDIRI MANAJEMEN INVESTASI,REKSA DANA MANDIRI INVESTA DANA OBLIGASI SERI II
PTIndoPremierSekuritas,PT MANDIRI MANAJEMEN INVESTASI,REKSA DANA MANDIRI INVESTA DANA SYARIAH
PTIndoPremierSekuritas,PT MANDIRI MANAJEMEN INVESTASI,REKSA DANA MANDIRI INVESTA DANA UTAMA
PTIndoPremierSekuritas,PT MANDIRI MANAJEMEN INVESTASI,REKSA DANA MANDIRI INVESTA EQUITY ASEAN 5 PLUS
PTIndoPremierSekuritas,PT MANDIRI MANAJEMEN INVESTASI,REKSA DANA MANDIRI INVESTA PASAR UANG
PTIndoPremierSekuritas,PT MANDIRI MANAJEMEN INVESTASI,REKSA DANA MANDIRI INVESTA PASAR UANG 2
PTIndoPremierSekuritas,PT Manulife Aset Manajemen Indonesia,Reksa Dana Manulife Dana Campuran II
PTIndoPremierSekuritas,PT Manulife Aset Manajemen Indonesia,REKSA DANA MANULIFE DANA KAS II KELAS A
PTIndoPremierSekuritas,PT Manulife Aset Manajemen Indonesia,REKSA DANA MANULIFE DANA SAHAM KELAS A
PTIndoPremierSekuritas,PT Manulife Aset Manajemen Indonesia,Reksa Dana Manulife Dana Tumbuh Berimbang
PTIndoPremierSekuritas,PT Manulife Aset Manajemen Indonesia,REKSA DANA MANULIFE OBLIGASI UNGGULAN KELAS A
PTIndoPremierSekuritas,PT Manulife Aset Manajemen Indonesia,Reksa Dana Manulife Saham Andalan
PTIndoPremierSekuritas,PT Manulife Aset Manajemen Indonesia,Reksa Dana Manulife Saham Smc Plus
PTIndoPremierSekuritas,PT Manulife Aset Manajemen Indonesia,Reksa Dana Manulife Syariah Sektoral Amanah Kelas A
PTIndoPremierSekuritas,PT Maybank Asset Management,Reksa Dana Maybank Dana Ekuitas
PTIndoPremierSekuritas,PT Maybank Asset Management,REKSA DANA MAYBANK DANA OBLIGASI NEGARA
PTIndoPremierSekuritas,PT Maybank Asset Management,Reksa Dana Maybank Dana Pasar Uang
PTIndoPremierSekuritas,PT Maybank Asset Management,Reksa Dana Maybank Dana Pasti 2
PTIndoPremierSekuritas,PT Mega Asset Management,REKSA DANA MEGA ASSET GREATER INFRASTRUCTURE
PTIndoPremierSekuritas,PT Mega Asset Management,REKSA DANA MEGA ASSET MAXIMA
PTIndoPremierSekuritas,PT Mega Asset Management,REKSA DANA MEGA ASSET MULTICASH
PTIndoPremierSekuritas,PT MNC Asset Management,REKSA DANA MNC DANA EKUITAS
PTIndoPremierSekuritas,PT MNC Asset Management,REKSA DANA MNC DANA KOMBINASI ICON
PTIndoPremierSekuritas,PT MNC Asset Management,REKSA DANA MNC DANA LANCAR
PTIndoPremierSekuritas,PT MNC Asset Management,REKSA DANA MNC DANA LIKUID
PTIndoPremierSekuritas,PT MNC Asset Management,REKSA DANA MNC DANA SBN
PTIndoPremierSekuritas,PT MNC Asset Management,REKSA DANA MNC DANA SYARIAH
PTIndoPremierSekuritas,PT MNC Asset Management,REKSA DANA MNC DANA SYARIAH EKUITAS
PTIndoPremierSekuritas,PT MNC Asset Management,REKSA DANA MNC SMART EQUITY FUND
PTIndoPremierSekuritas,PT Nusadana Investama Indonesia,REKSA DANA NUSADANA LANCAR
PTIndoPremierSekuritas,PT BNI Asset Management,REKSA DANA PENDAPATAN TETAP BNI AM QUALITY LONG DURATION FUND
PTIndoPremierSekuritas,PT Sucorinvest Asset Management,Reksa Dana Pendapatan Tetap Reksa Dana Sucorinvest Bond Fund
PTIndoPremierSekuritas,PT Sucorinvest Asset Management,REKSA DANA PENDAPATAN TETAP SUCORINVEST STABLE FUND
PTIndoPremierSekuritas,PT Pinnacle Persada Investama,REKSA DANA PINNACLE INDONESIA BOND FUND
PTIndoPremierSekuritas,PT Pinnacle Persada Investama,REKSA DANA PINNACLE MONEY MARKET FUND
PTIndoPremierSekuritas,PT Pinnacle Persada Investama,REKSA DANA PINNACLE STRATEGIC EQUITY FUND
PTIndoPremierSekuritas,PT PNM Investment Management,REKSA DANA PNM AMANAH SYARIAH KELAS A
PTIndoPremierSekuritas,PT PNM Investment Management,REKSA DANA PNM EKUITAS SYARIAH
PTIndoPremierSekuritas,PT PNM Investment Management,REKSA DANA PNM PUAS
PTIndoPremierSekuritas,PT PNM Investment Management,REKSA DANA PNM SYARIAH
PTIndoPremierSekuritas,PT Pratama Capital Assets Management,REKSA DANA PRATAMA SAHAM
PTIndoPremierSekuritas,PT Pratama Capital Assets Management,REKSA DANA PRATAMA SYARIAH
PTIndoPremierSekuritas,PT Pratama Capital Assets Management,REKSA DANA PRATAMA SYARIAH IMBANG
PTIndoPremierSekuritas,PT Indo Premier Investment Management,REKSA DANA PREMIER CAMPURAN DINAMIS KELAS B
PTIndoPremierSekuritas,PT Indo Premier Investment Management,REKSA DANA PREMIER CAMPURAN FLEKSIBEL
PTIndoPremierSekuritas,PT Indo Premier Investment Management,REKSA DANA PREMIER EKUITAS MAKRO PLUS
PTIndoPremierSekuritas,PT Indo Premier Investment Management,REKSA DANA PREMIER OBLIGASI II
PTIndoPremierSekuritas,PT Indo Premier Investment Management,REKSA DANA PREMIER PASAR UANG II
PTIndoPremierSekuritas,PT Principal Asset Management,REKSA DANA PRINCIPAL BALANCED STRATEGIC PLUS
PTIndoPremierSekuritas,PT Principal Asset Management,REKSA DANA PRINCIPAL CASH FUND
PTIndoPremierSekuritas,PT Principal Asset Management,REKSA DANA PRINCIPAL INDO DOMESTIC EQUITY FUND
PTIndoPremierSekuritas,PT Principal Asset Management,REKSA DANA PRINCIPAL ISLAMIC EQUITY GROWTH SYARIAH
PTIndoPremierSekuritas,PT Principal Asset Management,REKSA DANA PRINCIPAL ITB NIAGA
PTIndoPremierSekuritas,PT Principal Asset Management,REKSA DANA PRINCIPAL PHILANTHROPY SOCIAL IMPACT BOND FUND
PTIndoPremierSekuritas,PT Principal Asset Management,REKSA DANA PRINCIPAL SMART EQUITY FUND
PTIndoPremierSekuritas,PT Principal Asset Management,REKSA DANA PRINCIPAL TOTAL RETURN BOND FUND
PTIndoPremierSekuritas,PT Principal Asset Management,REKSA DANA PRINCIPAL TOTAL RETURN EQUITY FUND KELAS O
PTIndoPremierSekuritas,PT.Prospera Asset Management,REKSA DANA PROSPERA BALANCE
PTIndoPremierSekuritas,PT.Prospera Asset Management,REKSA DANA PROSPERA BIJAK
PTIndoPremierSekuritas,PT.Prospera Asset Management,REKSA DANA PROSPERA BUMN GROWTH FUND
PTIndoPremierSekuritas,PT.Prospera Asset Management,REKSA DANA PROSPERA DANA LANCAR
PTIndoPremierSekuritas,PT.Prospera Asset Management,REKSA DANA PROSPERA OBLIGASI
PTIndoPremierSekuritas,PT.Prospera Asset Management,REKSA DANA PROSPERA OBLIGASI PLUS
PTIndoPremierSekuritas,PT.Prospera Asset Management,REKSA DANA Prospera Saham SMC
PTIndoPremierSekuritas,PT CIPTADANA ASSET MANAGEMENT,REKSA DANA RENCANA CERDAS
PTIndoPremierSekuritas,PT. Eastspring Investments Indonesia,REKSA DANA SAHAM EASTSPRING INVESTMENTS ALPHA NAVIGATOR KELAS A
PTIndoPremierSekuritas,PT Samuel Aset Manajemen,Reksa Dana SAM Beta Plus Equity Fund
PTIndoPremierSekuritas,PT Samuel Aset Manajemen,Reksa Dana SAM Dana Kas
PTIndoPremierSekuritas,PT Samuel Aset Manajemen,Reksa Dana SAM Mutiara Nusa Campuran
PTIndoPremierSekuritas,PT Samuel Aset Manajemen,REKSA DANA SAM SHARIA EQUITY FUND
PTIndoPremierSekuritas,PT Samuel Aset Manajemen,REKSA DANA SAM SUKUK SYARIAH SEJAHTERA
PTIndoPremierSekuritas,PT Samuel Aset Manajemen,REKSA DANA SAM SYARIAH BERIMBANG
PTIndoPremierSekuritas,PT SEMESTA ASET MANAJEMEN,REKSA DANA SEMESTA DANA KAS
PTIndoPremierSekuritas,PT SEMESTA ASET MANAJEMEN,REKSA DANA SEMESTA DANA MAXIMA
PTIndoPremierSekuritas,PT SEMESTA ASET MANAJEMEN,REKSA DANA SEMESTA DANA SAHAM
PTIndoPremierSekuritas,PT Sequis Aset Manajemen,Reksa Dana Sequis Balance Ultima
PTIndoPremierSekuritas,PT Sequis Aset Manajemen,Reksa Dana Sequis Bond Optima
PTIndoPremierSekuritas,PT Sequis Aset Manajemen,Reksa Dana Sequis Equity Indonesia
PTIndoPremierSekuritas,PT Sequis Aset Manajemen,Reksa Dana Sequis Equity Maxima
PTIndoPremierSekuritas,PT Sequis Aset Manajemen,Reksa Dana Sequis Liquid Prima
PTIndoPremierSekuritas,PT. Setiabudi Investment Management,REKSA DANA SETIABUDI DANA CAMPURAN
PTIndoPremierSekuritas,PT. Setiabudi Investment Management,REKSA DANA SETIABUDI DANA PASAR UANG
PTIndoPremierSekuritas,PT Shinhan Asset Management Indonesia,Reksa Dana Shinhan Balance Fund
PTIndoPremierSekuritas,PT Sinarmas Asset Management,REKSA DANA SIMAS DANAMAS INSTRUMEN NEGARA
PTIndoPremierSekuritas,PT Sinarmas Asset Management,REKSA DANA SIMAS DANAMAS SAHAM
PTIndoPremierSekuritas,PT Sinarmas Asset Management,REKSA DANA SIMAS SAHAM BERTUMBUH
PTIndoPremierSekuritas,PT Sinarmas Asset Management,REKSA DANA SIMAS SAHAM MAKSIMA
PTIndoPremierSekuritas,PT Sinarmas Asset Management,REKSA DANA SIMAS SAHAM UNGGULAN
PTIndoPremierSekuritas,PT Sinarmas Asset Management,REKSA DANA SIMAS SATU
PTIndoPremierSekuritas,PT Sinarmas Asset Management,REKSA DANA SIMAS SATU PRIMA
PTIndoPremierSekuritas,PT Sinarmas Asset Management,REKSA DANA SIMAS SYARIAH BERKEMBANG
PTIndoPremierSekuritas,PT Sinarmas Asset Management,REKSA DANA SIMAS SYARIAH UNGGULAN
PTIndoPremierSekuritas,PT Surya Timur Alam Raya Asset Management,REKSA DANA STAR BALANCED
PTIndoPremierSekuritas,PT Surya Timur Alam Raya Asset Management,Reksa Dana STAR Balanced II
PTIndoPremierSekuritas,PT Surya Timur Alam Raya Asset Management,REKSA DANA STAR MONEY MARKET KELAS UTAMA
PTIndoPremierSekuritas,PT Surya Timur Alam Raya Asset Management,REKSA DANA STAR STABLE INCOME FUND
PTIndoPremierSekuritas,PT Surya Timur Alam Raya Asset Management,REKSA DANA STAR SUSTAINABLE EQUITY
PTIndoPremierSekuritas,PT Sucorinvest Asset Management,Reksa Dana Sucorinvest Citra Dana Berimbang
PTIndoPremierSekuritas,PT Sucorinvest Asset Management,Reksa Dana Sucorinvest Equity Fund
PTIndoPremierSekuritas,PT Sucorinvest Asset Management,Reksa Dana Sucorinvest Flexi Fund
PTIndoPremierSekuritas,PT Sucorinvest Asset Management,Reksa Dana Sucorinvest Maxi Fund
PTIndoPremierSekuritas,PT Sucorinvest Asset Management,Reksa Dana Sucorinvest Money Market Fund
PTIndoPremierSekuritas,PT Sucorinvest Asset Management,REKSA DANA SUCORINVEST PREMIUM FUND
PTIndoPremierSekuritas,PT Sucorinvest Asset Management,Reksa Dana Sucorinvest Sharia Equity Fund
PTIndoPremierSekuritas,PT SYAILENDRA CAPITAL,REKSA DANA SYAILENDRA BALANCED OPPORTUNITY FUND KELAS A
PTIndoPremierSekuritas,PT SYAILENDRA CAPITAL,REKSA DANA SYAILENDRA DANA KAS
PTIndoPremierSekuritas,PT SYAILENDRA CAPITAL,REKSA DANA SYAILENDRA EQUITY OPPORTUNITY FUND KELAS A
PTIndoPremierSekuritas,PT SYAILENDRA CAPITAL,REKSA DANA SYAILENDRA FIXED INCOME FUND
PTIndoPremierSekuritas,PT Avrist Asset Management,Reksa Dana Syariah Avrist Sukuk Income Fund
PTIndoPremierSekuritas,PT. Bahana TCW Investment Management,REKSA DANA SYARIAH BAHANA ICON SYARIAH KELAS G
PTIndoPremierSekuritas,PT. Bahana TCW Investment Management,REKSA DANA SYARIAH BAHANA LIKUID SYARIAH KELAS S
PTIndoPremierSekuritas,PT. Bahana TCW Investment Management,REKSA DANA SYARIAH BAHANA MES SYARIAH FUND Kelas G
PTIndoPremierSekuritas,PT Batavia Prosperindo Aset Manajemen,REKSA DANA SYARIAH BATAVIA DANA KAS SYARIAH
PTIndoPremierSekuritas,PT Sucorinvest Asset Management,REKSA DANA SYARIAH BERBASIS SUKUK SUCORINVEST SHARIA SUKUK FUND
PTIndoPremierSekuritas,PT BNI Asset Management,REKSA DANA SYARIAH BNI AM DANA PENDAPATAN TETAP SYARIAH ARDHANI
PTIndoPremierSekuritas,PT. BNP Paribas Asset Management,Reksa Dana Syariah BNP Paribas Pesona Syariah
PTIndoPremierSekuritas,PT Capital Asset Management,REKSA DANA SYARIAH CAPITAL SHARIA MONEY MARKET
PTIndoPremierSekuritas,PT CIPTADANA ASSET MANAGEMENT,REKSA DANA SYARIAH CIPTA DANA KAS SYARIAH
PTIndoPremierSekuritas,PT CIPTADANA ASSET MANAGEMENT,REKSA DANA SYARIAH CIPTA SAHAM UNGGULAN SYARIAH
PTIndoPremierSekuritas,PT. Eastspring Investments Indonesia,REKSA DANA SYARIAH EASTSPRING SYARIAH FIXED INCOME AMANAH KELAS A
PTIndoPremierSekuritas,PT. Eastspring Investments Indonesia,REKSA DANA SYARIAH EASTSPRING SYARIAH MONEY MARKET KHAZANAH KELAS A
PTIndoPremierSekuritas,PT MAJORIS ASSET MANAGEMENT,REKSA DANA SYARIAH MAJORIS PASAR UANG SYARIAH INDONESIA
PTIndoPremierSekuritas,PT MAJORIS ASSET MANAGEMENT,Reksa Dana Syariah Majoris Saham Syariah Indonesia
PTIndoPremierSekuritas,PT MAJORIS ASSET MANAGEMENT,REKSA DANA SYARIAH MAJORIS SUKUK NEGARA INDONESIA
PTIndoPremierSekuritas,PT MANDIRI MANAJEMEN INVESTASI,REKSA DANA SYARIAH MANDIRI PASAR UANG SYARIAH
PTIndoPremierSekuritas,PT Maybank Asset Management,REKSA DANA SYARIAH MAYBANK SYARIAH MONEY MARKET FUND 2
PTIndoPremierSekuritas,PT MNC Asset Management,REKSA DANA SYARIAH MNC DANA SYARIAH BAROKAH
PTIndoPremierSekuritas,PT Sucorinvest Asset Management,Reksa Dana Syariah Sucorinvest Sharia Money Market Fund
PTIndoPremierSekuritas,PT Trimegah Asset Management,Reksa Dana TRAM Alpha
PTIndoPremierSekuritas,PT Trimegah Asset Management,REKSA DANA TRAM CONSUMPTION PLUS KELAS A
PTIndoPremierSekuritas,PT Trimegah Asset Management,Reksa Dana TRAM Infrastructure Plus
PTIndoPremierSekuritas,PT Trimegah Asset Management,Reksa Dana TRIM Dana Tetap 2
PTIndoPremierSekuritas,PT Trimegah Asset Management,REKSA DANA TRIM KAPITAL PLUS
PTIndoPremierSekuritas,PT Trimegah Asset Management,REKSA DANA TRIM KAS 2 KELAS A
PTIndoPremierSekuritas,PT Trimegah Asset Management,REKSA DANA TRIM KOMBINASI 2
PTIndoPremierSekuritas,PT Trimegah Asset Management,REKSA DANA TRIM SYARIAH BERIMBANG
PTIndoPremierSekuritas,PT Trimegah Asset Management,REKSA DANA TRIM SYARIAH SAHAM
PTIndoPremierSekuritas,PT Trimegah Asset Management,REKSA DANA TRIMEGAH BALANCED ABSOLUTE STRATEGY KELAS A
PTIndoPremierSekuritas,PT Trimegah Asset Management,REKSA DANA TRIMEGAH FIXED INCOME PLAN
PTIndoPremierSekuritas,PT Danakita Investama,REKSADANA DANAKITA INVESTASI FLEKSIBEL
PTIndoPremierSekuritas,PT Samuel Aset Manajemen,SAM Dana Berkembang
PTIndoPremierSekuritas,PT Trimegah Asset Management,TRIM Kapital
