PTKiwoomSekuritasIndonesia,PT. Phillip Asset Management,PHILLIP GOVERNMENT BOND
PTKiwoomSekuritasIndonesia,PT. Phillip Asset Management,Phillip Money Market Fund
PTKiwoomSekuritasIndonesia,PT. Phillip Asset Management,Phillip Rupiah Balanced Fund
PTKiwoomSekuritasIndonesia,PT Kiwoom Investment Management Indonesia,RD KIWOOM INDONESIA OPTIMUM FUND
PTKiwoomSekuritasIndonesia,PT CIPTADANA ASSET MANAGEMENT,REKSA DANA CIPTA DANA CASH
PTKiwoomSekuritasIndonesia,PT CIPTADANA ASSET MANAGEMENT,Reksa Dana Cipta Saham Unggulan
PTKiwoomSekuritasIndonesia,PT CIPTADANA ASSET MANAGEMENT,REKSA DANA CIPTA SYARIAH BALANCE
PTKiwoomSekuritasIndonesia,PT KISI Asset Management,REKSA DANA KISI EQUITY FUND
PTKiwoomSekuritasIndonesia,PT KISI Asset Management,REKSA DANA KISI FIXED INCOME FUND
PTKiwoomSekuritasIndonesia,PT KISI Asset Management,REKSA DANA KISI MONEY MARKET FUND
PTKiwoomSekuritasIndonesia,PT Kiwoom Investment Management Indonesia,REKSA DANA KIWOOM INDONESIA BOND PLUS FUND
PTKiwoomSekuritasIndonesia,PT. Phillip Asset Management,REKSA DANA SYARIAH PHILLIP MONEY MARKET FUND SYARIAH BERMANFAAT
PTKiwoomSekuritasIndonesia,PT VALBURY CAPITAL MANAGEMENT,REKSA DANA VALBURY INVESTASI BERIMBANG
PTKiwoomSekuritasIndonesia,PT VALBURY CAPITAL MANAGEMENT,REKSA DANA VALBURY MONEY MARKET I
