PTKoreaInvestmentAndSekuritasIndonesia,PT Avrist Asset Management,REKSA DANA AVRIST ADA KAS MUTIARA
PTKoreaInvestmentAndSekuritasIndonesia,PT Avrist Asset Management,REKSA DANA AVRIST ADA SAHAM BLUE SAFIR
PTKoreaInvestmentAndSekuritasIndonesia,PT Avrist Asset Management,REKSA DANA AVRIST PRIME BOND FUND
PTKoreaInvestmentAndSekuritasIndonesia,PT Avrist Asset Management,Reksa Dana Avrist Prime Income Fund
PTKoreaInvestmentAndSekuritasIndonesia,PT Capital Asset Management,REKSA DANA CAPITAL FIXED INCOME FUND
PTKoreaInvestmentAndSekuritasIndonesia,PT Capital Asset Management,REKSA DANA CAPITAL MONEY MARKET FUND
PTKoreaInvestmentAndSekuritasIndonesia,PT Avrist Asset Management,REKSA DANA INDEKS AVRIST IDX30
PTKoreaInvestmentAndSekuritasIndonesia,PT Avrist Asset Management,REKSA DANA INDEKS AVRIST INDEKS LQ45
PTKoreaInvestmentAndSekuritasIndonesia,PT KISI Asset Management,REKSA DANA KISI EQUITY FUND
PTKoreaInvestmentAndSekuritasIndonesia,PT KISI Asset Management,REKSA DANA KISI FIXED INCOME FUND
PTKoreaInvestmentAndSekuritasIndonesia,PT KISI Asset Management,REKSA DANA KISI MONEY MARKET FUND
PTKoreaInvestmentAndSekuritasIndonesia,PT Pinnacle Persada Investama,REKSA DANA PINNACLE INDONESIA BOND FUND
PTKoreaInvestmentAndSekuritasIndonesia,PT Pinnacle Persada Investama,REKSA DANA PINNACLE MONEY MARKET FUND
PTKoreaInvestmentAndSekuritasIndonesia,PT Pinnacle Persada Investama,REKSA DANA PINNACLE STRATEGIC EQUITY FUND
PTKoreaInvestmentAndSekuritasIndonesia,PT Surya Timur Alam Raya Asset Management,REKSA DANA STAR MONEY MARKET KELAS UTAMA
PTKoreaInvestmentAndSekuritasIndonesia,PT Surya Timur Alam Raya Asset Management,REKSA DANA STAR STABLE INCOME FUND
PTKoreaInvestmentAndSekuritasIndonesia,PT Avrist Asset Management,REKSA DANA SYARIAH AVRIST ADA LIQUID SYARIAH
PTKoreaInvestmentAndSekuritasIndonesia,PT Avrist Asset Management,Reksa Dana Syariah Avrist Sukuk Income Fund
PTKoreaInvestmentAndSekuritasIndonesia,PT Capital Asset Management,REKSA DANA SYARIAH CAPITAL SHARIA MONEY MARKET
