PTMandiriSekuritas,PT Batavia Prosperindo Aset Manajemen,BATAVIA DANA DINAMIS
PTMandiriSekuritas,PT Batavia Prosperindo Aset Manajemen,BATAVIA DANA SAHAM
PTMandiriSekuritas,PT Batavia Prosperindo Aset Manajemen,BATAVIA DANA SAHAM OPTIMAL
PTMandiriSekuritas,PT Batavia Prosperindo Aset Manajemen,BATAVIA DANA SAHAM SYARIAH
PTMandiriSekuritas,PT Sinarmas Asset Management,DANAMAS STABIL
PTMandiriSekuritas,PT MANDIRI MANAJEMEN INVESTASI,Mandiri Investa Ekuitas Syariah
PTMandiriSekuritas,PT Mega Asset Management,MEGA ASSET MANTAP PLUS
PTMandiriSekuritas,PT Insight Investments Management,RD HAJI SYARIAH I HAJJ
PTMandiriSekuritas,PT Insight Investments Management,REKSA DANA  INSIGHT MONEY
PTMandiriSekuritas,PT Insight Investments Management,REKSA DANA  INSIGHT MONEY SYARIAH
PTMandiriSekuritas,PT. Bahana TCW Investment Management,Reksa Dana ABF Indonesia Bond Index Fund
PTMandiriSekuritas,PT Allianz Global Investors Asset Management Indonesia,REKSA DANA ALLIANZ ALPHA SECTOR ROTATION
PTMandiriSekuritas,PT Architas Asset Management Indonesia,REKSA DANA ARCHITAS DANA BERIMBANG
PTMandiriSekuritas,PT Architas Asset Management Indonesia,REKSA DANA ARCHITAS OBLIGASI RUPIAH
PTMandiriSekuritas,PT Architas Asset Management Indonesia,REKSA DANA ARCHITAS SAHAM DINAMIS
PTMandiriSekuritas,PT Ashmore Asset Management Indonesia,Reksa Dana Ashmore Dana Ekuitas Nusantara
PTMandiriSekuritas,PT Ashmore Asset Management Indonesia,Reksa Dana Ashmore Dana Obligasi Nusantara
PTMandiriSekuritas,PT Ashmore Asset Management Indonesia,Reksa Dana Ashmore Dana Obligasi Unggulan Nusantara
PTMandiriSekuritas,PT Ashmore Asset Management Indonesia,Reksa Dana Ashmore Dana Pasar Uang Nusantara
PTMandiriSekuritas,PT Ashmore Asset Management Indonesia,Reksa Dana Ashmore Dana Progresif Nusantara
PTMandiriSekuritas,PT Ashmore Asset Management Indonesia,Reksa Dana Ashmore Dana USD Equity Nusantara
PTMandiriSekuritas,PT Ashmore Asset Management Indonesia,Reksa Dana Ashmore Dana USD Nusantara
PTMandiriSekuritas,PT Ashmore Asset Management Indonesia,REKSA DANA ASHMORE SAHAM DINAMIS NUSANTARA
PTMandiriSekuritas,PT. Bahana TCW Investment Management,REKSA DANA BAHANA DANA LIKUID
PTMandiriSekuritas,PT. Bahana TCW Investment Management,REKSA DANA BAHANA OBLIGASI GANESHA KELAS D
PTMandiriSekuritas,PT. Bahana TCW Investment Management,REKSA DANA BAHANA OBLIGASI KEHATI LESTARI KELAS G
PTMandiriSekuritas,PT. Bahana TCW Investment Management,REKSA DANA BAHANA PENDAPATAN TETAP MAKARA PRIMA KELAS G
PTMandiriSekuritas,PT. Bahana TCW Investment Management,REKSA DANA BAHANA PRIMAVERA 99 Kelas G
PTMandiriSekuritas,PT Batavia Prosperindo Aset Manajemen,Reksa Dana Batavia Dana Kas Maxima
PTMandiriSekuritas,PT Batavia Prosperindo Aset Manajemen,REKSA DANA BATAVIA DANA OBLIGASI ULTIMA
PTMandiriSekuritas,PT BNI Asset Management,REKSA DANA BNI AM DANA LIKUID
PTMandiriSekuritas,PT BNI Asset Management,REKSA DANA BNIAM DANA LANCAR SYARIAH
PTMandiriSekuritas,PT BNI Asset Management,REKSA DANA BNIAM DANA SAHAM INSPIRING EQUITY FUND
PTMandiriSekuritas,PT CIPTADANA ASSET MANAGEMENT,REKSA DANA CIPTA BOND
PTMandiriSekuritas,PT CIPTADANA ASSET MANAGEMENT,REKSA DANA CIPTA DANA CASH
PTMandiriSekuritas,PT CIPTADANA ASSET MANAGEMENT,REKSA DANA CIPTA DINAMIKA
PTMandiriSekuritas,PT CIPTADANA ASSET MANAGEMENT,REKSA DANA CIPTA GTWS Equity
PTMandiriSekuritas,PT CIPTADANA ASSET MANAGEMENT,Reksa Dana Cipta Ovo Ekuitas
PTMandiriSekuritas,PT CIPTADANA ASSET MANAGEMENT,Reksa Dana Cipta Saham Unggulan
PTMandiriSekuritas,PT CIPTADANA ASSET MANAGEMENT,REKSA DANA CIPTA SYARIAH BALANCE
PTMandiriSekuritas,PT CIPTADANA ASSET MANAGEMENT,REKSA DANA CIPTA SYARIAH EQUITY
PTMandiriSekuritas,PT Danakita Investama,Reksa Dana Danakita Stabil Pasar Uang
PTMandiriSekuritas,PT. Eastspring Investments Indonesia,REKSA DANA EASTSPRING INVESTMENTS IDR HIGH GRADE KELAS A
PTMandiriSekuritas,PT. Eastspring Investments Indonesia,REKSA DANA EASTSPRING INVESTMENTS VALUE DISCOVERY KELAS A
PTMandiriSekuritas,PT. Eastspring Investments Indonesia,REKSA DANA EASTSPRING INVESTMENTS YIELD DISCOVERY KELAS A
PTMandiriSekuritas,PT FWD Asset Management,REKSA DANA FWD ASSET AGGRESSIVE BALANCED FUND
PTMandiriSekuritas,PT FWD Asset Management,REKSA DANA FWD ASSET DIVIDEND YIELD EQUITY FUND
PTMandiriSekuritas,PT Henan Putihrai Asset Management,REKSA DANA HPAM FLEXI PLUS
PTMandiriSekuritas,PT Henan Putihrai Asset Management,REKSA DANA HPAM ULTIMA EKUITAS 1
PTMandiriSekuritas,PT BNI Asset Management,REKSA DANA INDEKS BNI AM INDEKS IDX30
PTMandiriSekuritas,PT Insight Investments Management,REKSA DANA INDEKS INSIGHT SRI KEHATI LIKUID I SRI LIKUID
PTMandiriSekuritas,PT MANDIRI MANAJEMEN INVESTASI,REKSA DANA INDEKS MANDIRI INDEKS FTSE INDONESIA ESG KELAS A
PTMandiriSekuritas,PT MANDIRI MANAJEMEN INVESTASI,REKSA DANA INDEKS MANDIRI INDEKS LQ45
PTMandiriSekuritas,PT Principal Asset Management,REKSA DANA INDEKS PRINCIPAL INDEX IDX30
PTMandiriSekuritas,PT Principal Asset Management,REKSA DANA INDEKS PRINCIPAL INDEX IDX30 KELAS O
PTMandiriSekuritas,PT SYAILENDRA CAPITAL,REKSA DANA INDEKS SYAILENDRA MSCI INDONESIA VALUE INDEX FUND KELAS A
PTMandiriSekuritas,PT MANDIRI MANAJEMEN INVESTASI,REKSA DANA INVESTA DANA DOLLAR MANDIRI
PTMandiriSekuritas,PT KISI Asset Management,REKSA DANA KISI EQUITY FUND
PTMandiriSekuritas,PT KISI Asset Management,REKSA DANA KISI FIXED INCOME FUND
PTMandiriSekuritas,PT KISI Asset Management,REKSA DANA KISI MONEY MARKET FUND
PTMandiriSekuritas,PT MANDIRI MANAJEMEN INVESTASI,REKSA DANA MANDIRI INVESTA AKTIF
PTMandiriSekuritas,PT MANDIRI MANAJEMEN INVESTASI,REKSA DANA MANDIRI INVESTA ATRAKTIF KELAS A
PTMandiriSekuritas,PT MANDIRI MANAJEMEN INVESTASI,REKSA DANA MANDIRI INVESTA ATRAKTIF SYARIAH
PTMandiriSekuritas,PT MANDIRI MANAJEMEN INVESTASI,REKSA DANA MANDIRI INVESTA CERDAS BANGSA KELAS A
PTMandiriSekuritas,PT MANDIRI MANAJEMEN INVESTASI,REKSA DANA MANDIRI INVESTA DANA OBLIGASI SERI II
PTMandiriSekuritas,PT MANDIRI MANAJEMEN INVESTASI,REKSA DANA MANDIRI INVESTA DANA SYARIAH
PTMandiriSekuritas,PT MANDIRI MANAJEMEN INVESTASI,REKSA DANA MANDIRI INVESTA DANA UTAMA
PTMandiriSekuritas,PT MANDIRI MANAJEMEN INVESTASI,REKSA DANA MANDIRI INVESTA EKUITAS DINAMIS
PTMandiriSekuritas,PT MANDIRI MANAJEMEN INVESTASI,REKSA DANA MANDIRI INVESTA EQUITY ASEAN 5 PLUS
PTMandiriSekuritas,PT MANDIRI MANAJEMEN INVESTASI,REKSA DANA MANDIRI INVESTA EQUITY DYNAMO FACTOR
PTMandiriSekuritas,PT MANDIRI MANAJEMEN INVESTASI,REKSA DANA MANDIRI INVESTA EQUITY MOVEMENT
PTMandiriSekuritas,PT MANDIRI MANAJEMEN INVESTASI,REKSA DANA MANDIRI INVESTA PASAR UANG
PTMandiriSekuritas,PT MANDIRI MANAJEMEN INVESTASI,REKSA DANA MANDIRI INVESTA PASAR UANG 2
PTMandiriSekuritas,PT MANDIRI MANAJEMEN INVESTASI,REKSA DANA MANDIRI INVESTA SYARIAH BERIMBANG
PTMandiriSekuritas,PT MANDIRI MANAJEMEN INVESTASI,REKSA DANA MANDIRI INVESTASI OBLIGASI NASIONAL
PTMandiriSekuritas,PT MANDIRI MANAJEMEN INVESTASI,REKSA DANA MANDIRI SAHAM ATRAKTIF KELAS A
PTMandiriSekuritas,PT Minna Padi Aset Manajemen,REKSA DANA MINNA PADI PASOPATI SAHAM
PTMandiriSekuritas,PT Minna Padi Aset Manajemen,REKSA DANA MINNA PADI PROPERTY PLUS
PTMandiriSekuritas,PT MNC Asset Management,REKSA DANA MNC DANA EKUITAS
PTMandiriSekuritas,PT MNC Asset Management,REKSA DANA MNC DANA LANCAR
PTMandiriSekuritas,PT BNI Asset Management,REKSA DANA PENDAPATAN TETAP BNI AM QUALITY LONG DURATION FUND
PTMandiriSekuritas,PT Indo Premier Investment Management,REKSA DANA PREMIER PASAR UANG II
PTMandiriSekuritas,PT Principal Asset Management,REKSA DANA PRINCIPAL BALANCED STRATEGIC PLUS
PTMandiriSekuritas,PT Principal Asset Management,REKSA DANA PRINCIPAL CASH FUND
PTMandiriSekuritas,PT Principal Asset Management,REKSA DANA PRINCIPAL ISLAMIC EQUITY GROWTH SYARIAH
PTMandiriSekuritas,PT Principal Asset Management,REKSA DANA PRINCIPAL PHILANTHROPY SOCIAL IMPACT BOND FUND
PTMandiriSekuritas,PT Principal Asset Management,REKSA DANA PRINCIPAL SMART EQUITY FUND
PTMandiriSekuritas,PT Principal Asset Management,REKSA DANA PRINCIPAL TOTAL RETURN EQUITY FUND KELAS O
PTMandiriSekuritas,PT CIPTADANA ASSET MANAGEMENT,REKSA DANA RENCANA CERDAS
PTMandiriSekuritas,PT. Eastspring Investments Indonesia,REKSA DANA SAHAM EASTSPRING INVESTMENTS ALPHA NAVIGATOR KELAS A
PTMandiriSekuritas,PT Sequis Aset Manajemen,Reksa Dana Sequis Bond Optima
PTMandiriSekuritas,PT Sinarmas Asset Management,REKSA DANA SIMAS SAHAM UNGGULAN
PTMandiriSekuritas,PT Sinarmas Asset Management,REKSA DANA SIMAS SATU PRIMA
PTMandiriSekuritas,PT Sinarmas Asset Management,REKSA DANA SIMAS SYARIAH UNGGULAN
PTMandiriSekuritas,PT Surya Timur Alam Raya Asset Management,REKSA DANA STAR MONEY MARKET KELAS UTAMA
PTMandiriSekuritas,PT Surya Timur Alam Raya Asset Management,REKSA DANA STAR STABLE INCOME FUND
PTMandiriSekuritas,PT SYAILENDRA CAPITAL,REKSA DANA SYAILENDRA BALANCED OPPORTUNITY FUND KELAS A
PTMandiriSekuritas,PT SYAILENDRA CAPITAL,REKSA DANA SYAILENDRA DANA KAS
PTMandiriSekuritas,PT SYAILENDRA CAPITAL,REKSA DANA SYAILENDRA EQUITY OPPORTUNITY FUND KELAS A
PTMandiriSekuritas,PT. Bahana TCW Investment Management,REKSA DANA SYARIAH BAHANA LIKUID SYARIAH KELAS G
PTMandiriSekuritas,PT. Bahana TCW Investment Management,REKSA DANA SYARIAH BAHANA MES SYARIAH FUND Kelas G
PTMandiriSekuritas,PT BNI Asset Management,REKSA DANA SYARIAH BNI AM DANA PENDAPATAN TETAP SYARIAH ARDHANI
PTMandiriSekuritas,PT Capital Asset Management,REKSA DANA SYARIAH CAPITAL SHARIA MONEY MARKET
PTMandiriSekuritas,PT CIPTADANA ASSET MANAGEMENT,REKSA DANA SYARIAH CIPTA DANA KAS SYARIAH
PTMandiriSekuritas,PT CIPTADANA ASSET MANAGEMENT,REKSA DANA SYARIAH CIPTA SAHAM UNGGULAN SYARIAH
PTMandiriSekuritas,PT MANDIRI MANAJEMEN INVESTASI,REKSA DANA SYARIAH MANDIRI GLOBAL SHARIA EQUITY DOLLAR KELAS A
PTMandiriSekuritas,PT MANDIRI MANAJEMEN INVESTASI,REKSA DANA SYARIAH MANDIRI PASAR UANG SYARIAH
PTMandiriSekuritas,PT Surya Timur Alam Raya Asset Management,REKSA DANA SYARIAH STAR SHARIA MONEY MARKET
PTMandiriSekuritas,PT Insight Investments Management,REKSA DANA TERPROTEKSI INSIGHT TERPROTEKSI 42
PTMandiriSekuritas,PT Trimegah Asset Management,REKSA DANA TERPROTEKSI TRIMEGAH TERPROTEKSI PRIMA XXIII
PTMandiriSekuritas,PT Trimegah Asset Management,Reksa Dana TRAM Alpha
PTMandiriSekuritas,PT Trimegah Asset Management,REKSA DANA TRAM CONSUMPTION PLUS KELAS A
PTMandiriSekuritas,PT Trimegah Asset Management,Reksa Dana TRAM Infrastructure Plus
