PTModuitDigitalIndonesia,PT Batavia Prosperindo Aset Manajemen,BATAVIA DANA DINAMIS
PTModuitDigitalIndonesia,PT Batavia Prosperindo Aset Manajemen,BATAVIA DANA SAHAM
PTModuitDigitalIndonesia,PT Batavia Prosperindo Aset Manajemen,BATAVIA DANA SAHAM OPTIMAL
PTModuitDigitalIndonesia,PT Batavia Prosperindo Aset Manajemen,BATAVIA DANA SAHAM SYARIAH
PTModuitDigitalIndonesia,PT Pinnacle Persada Investama,RD SYARIAH PINNACLE SHARIA MONEY MARKET FUND
PTModuitDigitalIndonesia,PT Allianz Global Investors Asset Management Indonesia,REKSA DANA ALLIANZ ALPHA SECTOR ROTATION
PTModuitDigitalIndonesia,PT Allianz Global Investors Asset Management Indonesia,REKSA DANA ALLIANZ FIXED INCOME FUND 2
PTModuitDigitalIndonesia,PT Allianz Global Investors Asset Management Indonesia,REKSA DANA ALLIANZ RUPIAH LIQUID FUND
PTModuitDigitalIndonesia,PT. Bahana TCW Investment Management,REKSA DANA BAHANA DANA EKUITAS ANDALAN Kelas G
PTModuitDigitalIndonesia,PT. Bahana TCW Investment Management,REKSA DANA BAHANA DANA LIKUID
