PTNadiraInvestasikitaBersama,PT Mega Asset Management,MEGA DANA KAS
PTNadiraInvestasikitaBersama,PT NARADA ASET MANAJEMEN,Narada Saham Indonesia
PTNadiraInvestasikitaBersama,PT. Phillip Asset Management,Phillip Money Market Fund
PTNadiraInvestasikitaBersama,PT Insight Investments Management,REKSA DANA  INSIGHT MONEY
PTNadiraInvestasikitaBersama,PT Insight Investments Management,REKSA DANA  INSIGHT MONEY SYARIAH
PTNadiraInvestasikitaBersama,PT. Bahana TCW Investment Management,REKSA DANA BAHANA DANA LIKUID
PTNadiraInvestasikitaBersama,PT. Bahana TCW Investment Management,REKSA DANA BAHANA PENDAPATAN TETAP MAKARA PRIMA KELAS G
PTNadiraInvestasikitaBersama,PT. Bahana TCW Investment Management,REKSA DANA BAHANA PRIMAVERA 99 Kelas S
PTNadiraInvestasikitaBersama,PT BNI Asset Management,REKSA DANA BNIAM DANA SAHAM INSPIRING EQUITY FUND
PTNadiraInvestasikitaBersama,PT CIPTADANA ASSET MANAGEMENT,REKSA DANA CIPTA BOND
PTNadiraInvestasikitaBersama,PT CIPTADANA ASSET MANAGEMENT,REKSA DANA CIPTA DANA CASH
PTNadiraInvestasikitaBersama,PT CIPTADANA ASSET MANAGEMENT,REKSA DANA CIPTA DINAMIKA
PTNadiraInvestasikitaBersama,PT CIPTADANA ASSET MANAGEMENT,Reksa Dana Cipta Saham Unggulan
PTNadiraInvestasikitaBersama,PT CIPTADANA ASSET MANAGEMENT,REKSA DANA CIPTA SYARIAH EQUITY
PTNadiraInvestasikitaBersama,PT BRI MANAJEMEN INVESTASI,REKSA DANA DANAREKSA INDEKS SYARIAH
PTNadiraInvestasikitaBersama,PT BRI MANAJEMEN INVESTASI,REKSA DANA DANAREKSA MAWAR KONSUMER 10 KELAS A
PTNadiraInvestasikitaBersama,PT BRI MANAJEMEN INVESTASI,Reksa Dana Danareksa Melati Pendapatan Utama
PTNadiraInvestasikitaBersama,PT BRI MANAJEMEN INVESTASI,REKSA DANA DANAREKSA SERUNI PASAR UANG II KELAS A
PTNadiraInvestasikitaBersama,PT Henan Putihrai Asset Management,REKSA DANA HPAM FLEXI PLUS
PTNadiraInvestasikitaBersama,PT Henan Putihrai Asset Management,REKSA DANA HPAM ULTIMA EKUITAS 1
PTNadiraInvestasikitaBersama,PT Henan Putihrai Asset Management,REKSA DANA HPAM ULTIMA MONEY MARKET
PTNadiraInvestasikitaBersama,PT Principal Asset Management,REKSA DANA INDEKS PRINCIPAL INDEX IDX30
PTNadiraInvestasikitaBersama,PT SYAILENDRA CAPITAL,REKSA DANA INDEKS SYAILENDRA MSCI INDONESIA VALUE INDEX FUND KELAS A
PTNadiraInvestasikitaBersama,PT Insight Investments Management,REKSA DANA INSIGHT RENEWABLE ENERGY FUND
PTNadiraInvestasikitaBersama,PT Insight Investments Management,REKSA DANA INSIGHT WEALTH
PTNadiraInvestasikitaBersama,PT Victoria Manajemen Investasi,REKSA DANA LANCAR VICTORIA MERKURIUS
PTNadiraInvestasikitaBersama,PT MAJORIS ASSET MANAGEMENT,REKSA DANA MAJORIS OBLIGASI UTAMA INDONESIA
PTNadiraInvestasikitaBersama,PT MAJORIS ASSET MANAGEMENT,REKSA DANA MAJORIS SAHAM ALOKASI DINAMIK INDONESIA
PTNadiraInvestasikitaBersama,PT Maybank Asset Management,Reksa Dana Maybank Dana Ekuitas
PTNadiraInvestasikitaBersama,PT Maybank Asset Management,Reksa Dana Maybank Dana Pasar Uang
PTNadiraInvestasikitaBersama,PT Maybank Asset Management,Reksa Dana Maybank Dana Pasti 2
PTNadiraInvestasikitaBersama,PT NARADA ASET MANAJEMEN,REKSA DANA NARADA CAMPURAN I
PTNadiraInvestasikitaBersama,PT Sucorinvest Asset Management,Reksa Dana Pendapatan Tetap Reksa Dana Sucorinvest Bond Fund
PTNadiraInvestasikitaBersama,PT Principal Asset Management,REKSA DANA PRINCIPAL CASH FUND
PTNadiraInvestasikitaBersama,PT Principal Asset Management,REKSA DANA PRINCIPAL ISLAMIC EQUITY GROWTH SYARIAH
PTNadiraInvestasikitaBersama,PT Principal Asset Management,REKSA DANA PRINCIPAL SMART EQUITY FUND
PTNadiraInvestasikitaBersama,PT Principal Asset Management,REKSA DANA PRINCIPAL TOTAL RETURN BOND FUND
PTNadiraInvestasikitaBersama,PT Principal Asset Management,REKSA DANA PRINCIPAL TOTAL RETURN EQUITY FUND KELAS O
PTNadiraInvestasikitaBersama,PT CIPTADANA ASSET MANAGEMENT,REKSA DANA RENCANA CERDAS
PTNadiraInvestasikitaBersama,PT Shinhan Asset Management Indonesia,Reksa Dana Shinhan Balance Fund
PTNadiraInvestasikitaBersama,PT Shinhan Asset Management Indonesia,Reksa Dana Shinhan Equity Growth
PTNadiraInvestasikitaBersama,PT Sucorinvest Asset Management,Reksa Dana Sucorinvest Citra Dana Berimbang
PTNadiraInvestasikitaBersama,PT Sucorinvest Asset Management,Reksa Dana Sucorinvest Equity Fund
PTNadiraInvestasikitaBersama,PT Sucorinvest Asset Management,Reksa Dana Sucorinvest Flexi Fund
PTNadiraInvestasikitaBersama,PT Sucorinvest Asset Management,Reksa Dana Sucorinvest Maxi Fund
PTNadiraInvestasikitaBersama,PT Sucorinvest Asset Management,Reksa Dana Sucorinvest Money Market Fund
PTNadiraInvestasikitaBersama,PT Sucorinvest Asset Management,Reksa Dana Sucorinvest Sharia Equity Fund
PTNadiraInvestasikitaBersama,PT SYAILENDRA CAPITAL,REKSA DANA SYAILENDRA BALANCED OPPORTUNITY FUND KELAS A
PTNadiraInvestasikitaBersama,PT SYAILENDRA CAPITAL,REKSA DANA SYAILENDRA DANA KAS
PTNadiraInvestasikitaBersama,PT SYAILENDRA CAPITAL,REKSA DANA SYAILENDRA EQUITY OPPORTUNITY FUND KELAS A
PTNadiraInvestasikitaBersama,PT SYAILENDRA CAPITAL,REKSA DANA SYAILENDRA FIXED INCOME FUND
PTNadiraInvestasikitaBersama,PT. Bahana TCW Investment Management,REKSA DANA SYARIAH BAHANA LIKUID SYARIAH KELAS S
PTNadiraInvestasikitaBersama,PT. Bahana TCW Investment Management,REKSA DANA SYARIAH BAHANA MES SYARIAH FUND Kelas G
PTNadiraInvestasikitaBersama,PT CIPTADANA ASSET MANAGEMENT,REKSA DANA SYARIAH CIPTA DANA KAS SYARIAH
PTNadiraInvestasikitaBersama,PT CIPTADANA ASSET MANAGEMENT,REKSA DANA SYARIAH CIPTA SAHAM UNGGULAN SYARIAH
PTNadiraInvestasikitaBersama,PT MAJORIS ASSET MANAGEMENT,REKSA DANA SYARIAH MAJORIS PASAR UANG SYARIAH INDONESIA
PTNadiraInvestasikitaBersama,PT MAJORIS ASSET MANAGEMENT,REKSA DANA SYARIAH MAJORIS SUKUK NEGARA INDONESIA
PTNadiraInvestasikitaBersama,PT NARADA ASET MANAJEMEN,REKSA DANA SYARIAH NARADA SAHAM BERKAH SYARIAH
PTNadiraInvestasikitaBersama,PT Sucorinvest Asset Management,Reksa Dana Syariah Sucorinvest Sharia Money Market Fund
PTNadiraInvestasikitaBersama,PT Victoria Manajemen Investasi,REKSA DANA SYARIAH VICTORIA OBLIGASI NEGARA SYARIAH
PTNadiraInvestasikitaBersama,PT Trimegah Asset Management,REKSA DANA TRAM CONSUMPTION PLUS KELAS A
PTNadiraInvestasikitaBersama,PT Trimegah Asset Management,Reksa Dana TRAM Strategic Plus
PTNadiraInvestasikitaBersama,PT Trimegah Asset Management,Reksa Dana TRIM Dana Tetap 2
PTNadiraInvestasikitaBersama,PT Trimegah Asset Management,REKSA DANA TRIM KAS 2 KELAS A
PTNadiraInvestasikitaBersama,PT Trimegah Asset Management,REKSA DANA TRIM KOMBINASI 2
PTNadiraInvestasikitaBersama,PT Trimegah Asset Management,REKSA DANA TRIM SYARIAH BERIMBANG
PTNadiraInvestasikitaBersama,PT Trimegah Asset Management,REKSA DANA TRIM SYARIAH SAHAM
PTNadiraInvestasikitaBersama,PT Trimegah Asset Management,REKSA DANA TRIMEGAH KAS SYARIAH
PTNadiraInvestasikitaBersama,PT Shinhan Asset Management Indonesia,REKSADANA SHINHAN MONEY MARKET FUND
PTNadiraInvestasikitaBersama,PT Trimegah Asset Management,TRIM Kapital
