PTRaizInvestIndonesia,PT Insight Investments Management,RD HAJI SYARIAH I HAJJ
PTRaizInvestIndonesia,PT Avrist Asset Management,REKSA DANA AVRIST BOND FUND
PTRaizInvestIndonesia,PT Avrist Asset Management,REKSA DANA AVRIST LIQUID FUND
PTRaizInvestIndonesia,PT Avrist Asset Management,REKSA DANA INDEKS AVRIST INDEKS LQ45
PTRaizInvestIndonesia,PT Surya Timur Alam Raya Asset Management,REKSA DANA STAR MONEY MARKET KELAS UTAMA
PTRaizInvestIndonesia,PT Surya Timur Alam Raya Asset Management,REKSA DANA STAR STABLE INCOME FUND
PTRaizInvestIndonesia,PT Manulife Aset Manajemen Indonesia,REKSA DANA SYARIAH MANULIFE DANA KAS SYARIAH
PTRaizInvestIndonesia,PT Manulife Aset Manajemen Indonesia,REKSA DANA SYARIAH MANULIFE SYARIAH SUKUK INDONESIA
PTRaizInvestIndonesia,PT Avrist Asset Management,REKSA DANA SYARIAH TERPROTEKSI AVRIST SUKUK BERKAH 5
PTRaizInvestIndonesia,PT Avrist Asset Management,REKSA DANA TERPROTEKSI AVRIST PROTEKSI SPIRIT 14
PTRaizInvestIndonesia,PT Insight Investments Management,REKSA DANA TERPROTEKSI INSIGHT TERPROTEKSI 55
PTRaizInvestIndonesia,PT Surya Timur Alam Raya Asset Management,REKSA DANA TERPROTEKSI STAR PROTECTED 19
PTRaizInvestIndonesia,PT Surya Timur Alam Raya Asset Management,REKSA DANA TERPROTEKSI STAR PROTECTED 21
PTRaizInvestIndonesia,PT Surya Timur Alam Raya Asset Management,REKSA DANA TERPROTEKSI STAR PROTECTED XIV
PTRaizInvestIndonesia,PT Surya Timur Alam Raya Asset Management,REKSA DANA TERPROTEKSI STAR PROTECTED XVI
PTRaizInvestIndonesia,PT Trimegah Asset Management,REKSA DANA TERPROTEKSI TRIMEGAH TERPROTEKSI FUTURA 27
PTRaizInvestIndonesia,PT Trimegah Asset Management,REKSA DANA TERPROTEKSI TRIMEGAH TERPROTEKSI LESTARI 19
PTRaizInvestIndonesia,PT Trimegah Asset Management,REKSA DANA TERPROTEKSI TRIMEGAH TERPROTEKSI PRIMA 28
PTRaizInvestIndonesia,PT Trimegah Asset Management,REKSA DANA TERPROTEKSI TRIMEGAH TERPROTEKSI PRIMA 31
PTRaizInvestIndonesia,PT Trimegah Asset Management,REKSA DANA TRIMEGAH FIXED INCOME PLAN
