PTRelianceSekuritasIndonesiaTbk,PT RELIANCE MANAJER INVESTASI,DANA INVESTASI REAL ESTAT RELIANCE CENTRO CITY RESIDENCE
PTRelianceSekuritasIndonesiaTbk,PT. Phillip Asset Management,PHILLIP GOVERNMENT BOND
PTRelianceSekuritasIndonesiaTbk,PT. Phillip Asset Management,Phillip Money Market Fund
PTRelianceSekuritasIndonesiaTbk,PT. Phillip Asset Management,Phillip Rupiah Balanced Fund
PTRelianceSekuritasIndonesiaTbk,PT Kiwoom Investment Management Indonesia,RD KIWOOM INDONESIA OPTIMUM FUND
PTRelianceSekuritasIndonesiaTbk,PT CIPTADANA ASSET MANAGEMENT,REKSA DANA CIPTA BOND
PTRelianceSekuritasIndonesiaTbk,PT CIPTADANA ASSET MANAGEMENT,REKSA DANA CIPTA DANA CASH
PTRelianceSekuritasIndonesiaTbk,PT CIPTADANA ASSET MANAGEMENT,Reksa Dana Cipta Ovo Ekuitas
PTRelianceSekuritasIndonesiaTbk,PT CIPTADANA ASSET MANAGEMENT,Reksa Dana Cipta Saham Unggulan
PTRelianceSekuritasIndonesiaTbk,PT Kiwoom Investment Management Indonesia,REKSA DANA KIWOOM INDONESIA BOND PLUS FUND
PTRelianceSekuritasIndonesiaTbk,PT Victoria Manajemen Investasi,REKSA DANA LANCAR VICTORIA MERKURIUS
PTRelianceSekuritasIndonesiaTbk,PT INA SEKURITAS INDONESIA,REKSA DANA NIKKO INDONESIA BALANCED FUND
PTRelianceSekuritasIndonesiaTbk,PT INA SEKURITAS INDONESIA,REKSA DANA NIKKO INDONESIA BOND FUND
PTRelianceSekuritasIndonesiaTbk,PT INA SEKURITAS INDONESIA,REKSA DANA NIKKO INDONESIA EQUITY FUND
PTRelianceSekuritasIndonesiaTbk,PT INA SEKURITAS INDONESIA,REKSA DANA NIKKO INDONESIA MONEY MARKET FUND
PTRelianceSekuritasIndonesiaTbk,PT RELIANCE MANAJER INVESTASI,REKSA DANA RELIANCE DANA SAHAM
PTRelianceSekuritasIndonesiaTbk,PT RELIANCE MANAJER INVESTASI,REKSA DANA RELIANCE DANA TERENCANA
PTRelianceSekuritasIndonesiaTbk,PT RELIANCE MANAJER INVESTASI,REKSA DANA RELIANCE OBLIGASI PEMERINTAH
PTRelianceSekuritasIndonesiaTbk,PT RELIANCE MANAJER INVESTASI,REKSA DANA RELIANCE PASAR UANG
PTRelianceSekuritasIndonesiaTbk,PT CIPTADANA ASSET MANAGEMENT,REKSA DANA RENCANA CERDAS
PTRelianceSekuritasIndonesiaTbk,PT SEMESTA ASET MANAJEMEN,REKSA DANA SEMESTA DANA KAS
PTRelianceSekuritasIndonesiaTbk,PT SEMESTA ASET MANAJEMEN,REKSA DANA SEMESTA DANA MAXIMA
PTRelianceSekuritasIndonesiaTbk,PT SEMESTA ASET MANAJEMEN,REKSA DANA SEMESTA DANA SAHAM
PTRelianceSekuritasIndonesiaTbk,PT CIPTADANA ASSET MANAGEMENT,REKSA DANA SYARIAH CIPTA DANA KAS SYARIAH
PTRelianceSekuritasIndonesiaTbk,PT CIPTADANA ASSET MANAGEMENT,REKSA DANA SYARIAH CIPTA SAHAM UNGGULAN SYARIAH
PTRelianceSekuritasIndonesiaTbk,PT. Phillip Asset Management,REKSA DANA SYARIAH PHILLIP MONEY MARKET FUND SYARIAH BERMANFAAT
PTRelianceSekuritasIndonesiaTbk,PT Victoria Manajemen Investasi,REKSA DANA SYARIAH VICTORIA OBLIGASI NEGARA SYARIAH
PTRelianceSekuritasIndonesiaTbk,PT Victoria Manajemen Investasi,REKSA DANA SYARIAH VICTORIA PASAR UANG SYARIAH
PTRelianceSekuritasIndonesiaTbk,PT Trimegah Asset Management,REKSA DANA TRAM CONSUMPTION PLUS KELAS A
PTRelianceSekuritasIndonesiaTbk,PT Trimegah Asset Management,Reksa Dana TRAM Infrastructure Plus
PTRelianceSekuritasIndonesiaTbk,PT Trimegah Asset Management,Reksa Dana TRAM Strategic Plus
PTRelianceSekuritasIndonesiaTbk,PT Trimegah Asset Management,Reksa Dana TRIM Dana Tetap 2
PTRelianceSekuritasIndonesiaTbk,PT Trimegah Asset Management,REKSA DANA TRIM KAPITAL PLUS
PTRelianceSekuritasIndonesiaTbk,PT Trimegah Asset Management,REKSA DANA TRIM KAS 2 KELAS A
PTRelianceSekuritasIndonesiaTbk,PT Trimegah Asset Management,REKSA DANA TRIM KOMBINASI 2
PTRelianceSekuritasIndonesiaTbk,PT Trimegah Asset Management,REKSA DANA TRIM SYARIAH BERIMBANG
PTRelianceSekuritasIndonesiaTbk,PT Trimegah Asset Management,REKSA DANA TRIM SYARIAH SAHAM
PTRelianceSekuritasIndonesiaTbk,PT Trimegah Asset Management,REKSA DANA TRIMEGAH BALANCED ABSOLUTE STRATEGY KELAS A
PTRelianceSekuritasIndonesiaTbk,PT Trimegah Asset Management,REKSA DANA TRIMEGAH FIXED INCOME PLAN
PTRelianceSekuritasIndonesiaTbk,PT Trimegah Asset Management,TRIM Kapital
