PTRHBSekuritasIndonesia,PT Mega Asset Management,MEGA ASSET MANTAP PLUS
PTRHBSekuritasIndonesia,PT. Phillip Asset Management,PHILLIP GOVERNMENT BOND
PTRHBSekuritasIndonesia,PT Allianz Global Investors Asset Management Indonesia,REKSA DANA ALLIANZ ALPHA SECTOR ROTATION
PTRHBSekuritasIndonesia,PT Allianz Global Investors Asset Management Indonesia,REKSA DANA ALLIANZ FIXED INCOME FUND 2
PTRHBSekuritasIndonesia,PT Allianz Global Investors Asset Management Indonesia,REKSA DANA ALLIANZ RUPIAH LIQUID FUND
PTRHBSekuritasIndonesia,PT CIPTADANA ASSET MANAGEMENT,REKSA DANA CIPTA SYARIAH BALANCE
PTRHBSekuritasIndonesia,PT CIPTADANA ASSET MANAGEMENT,REKSA DANA CIPTA SYARIAH EQUITY
PTRHBSekuritasIndonesia,PT Henan Putihrai Asset Management,REKSA DANA HPAM FLEXI PLUS
PTRHBSekuritasIndonesia,PT Henan Putihrai Asset Management,REKSA DANA HPAM GOVERNMENT BOND
PTRHBSekuritasIndonesia,PT Henan Putihrai Asset Management,REKSA DANA HPAM ULTIMA EKUITAS 1
PTRHBSekuritasIndonesia,PT Henan Putihrai Asset Management,REKSA DANA HPAM ULTIMA MONEY MARKET
PTRHBSekuritasIndonesia,PT Allianz Global Investors Asset Management Indonesia,REKSA DANA INDEKS ALLIANZ SRI KEHATI INDEX FUND
PTRHBSekuritasIndonesia,PT Mega Asset Management,REKSA DANA MEGA ASSET GREATER INFRASTRUCTURE
PTRHBSekuritasIndonesia,PT Mega Asset Management,REKSA DANA MEGA ASSET MAXIMA
PTRHBSekuritasIndonesia,PT Mega Asset Management,REKSA DANA MEGA ASSET MULTICASH
PTRHBSekuritasIndonesia,PT Mega Asset Management,REKSA DANA MEGA ASSET STRATEGIC TOTAL RETURN
PTRHBSekuritasIndonesia,PT CIPTADANA ASSET MANAGEMENT,REKSA DANA RENCANA CERDAS
PTRHBSekuritasIndonesia,PT Mega Asset Management,Reksa Dana Syariah Mega Asset Multicash Syariah
