PTSayakayaLahirBatin,PT Avrist Asset Management,Avrist Equity Amar Syariah
PTSayakayaLahirBatin,PT Pinnacle Persada Investama,RD SYARIAH PINNACLE SHARIA MONEY MARKET FUND
PTSayakayaLahirBatin,PT Avrist Asset Management,REKSA DANA AVRIST BOND FUND
PTSayakayaLahirBatin,PT Avrist Asset Management,REKSA DANA AVRIST EQUITY GROWTH FUND
PTSayakayaLahirBatin,PT Avrist Asset Management,REKSA DANA AVRIST LIQUID FUND
PTSayakayaLahirBatin,PT. Bahana TCW Investment Management,REKSA DANA BAHANA OBLIGASI KEHATI LESTARI KELAS G
PTSayakayaLahirBatin,PT. Bahana TCW Investment Management,REKSA DANA BAHANA PENDAPATAN TETAP MAKARA PRIMA KELAS G
PTSayakayaLahirBatin,PT. Bahana TCW Investment Management,REKSA DANA BAHANA PRIMAVERA 99 Kelas G
PTSayakayaLahirBatin,PT Sucorinvest Asset Management,Reksa Dana Balanced Fund Sucorinvest Anak Pintar
PTSayakayaLahirBatin,PT BNI Asset Management,REKSA DANA BNI AM DANA LIKUID
PTSayakayaLahirBatin,PT BNI Asset Management,REKSA DANA BNIAM DANA LANCAR SYARIAH
PTSayakayaLahirBatin,PT Avrist Asset Management,REKSA DANA INDEKS AVRIST IDX30
PTSayakayaLahirBatin,PT Avrist Asset Management,REKSA DANA INDEKS AVRIST INDEKS LQ45
PTSayakayaLahirBatin,PT BNI Asset Management,REKSA DANA INDEKS BNI AM INDEKS IDX GROWTH30 KELAS R1
PTSayakayaLahirBatin,PT BNI Asset Management,REKSA DANA INDEKS BNI AM INDEKS IDX30
PTSayakayaLahirBatin,PT BNI Asset Management,REKSA DANA INDEKS BNI AM SHORT DURATION BONDS INDEX KELAS R1
PTSayakayaLahirBatin,PT Sucorinvest Asset Management,REKSA DANA INDEKS SUCORINVEST IDX30
PTSayakayaLahirBatin,PT SYAILENDRA CAPITAL,REKSA DANA INDEKS SYAILENDRA MSCI INDONESIA VALUE INDEX FUND KELAS A
PTSayakayaLahirBatin,PT Trimegah Asset Management,REKSA DANA INDEKS TRIMEGAH FTSE INDONESIA LOW VOLATILITY FACTOR INDEX
PTSayakayaLahirBatin,PT KISI Asset Management,REKSA DANA KISI BALANCED FUND
PTSayakayaLahirBatin,PT KISI Asset Management,REKSA DANA KISI EQUITY FUND
PTSayakayaLahirBatin,PT KISI Asset Management,REKSA DANA KISI FIXED INCOME FUND
PTSayakayaLahirBatin,PT KISI Asset Management,REKSA DANA KISI MONEY MARKET FUND
PTSayakayaLahirBatin,PT Sucorinvest Asset Management,Reksa Dana Pendapatan Tetap Reksa Dana Sucorinvest Bond Fund
PTSayakayaLahirBatin,PT Sucorinvest Asset Management,REKSA DANA PENDAPATAN TETAP SUCORINVEST MONTHLY INCOME FUND
PTSayakayaLahirBatin,PT Sucorinvest Asset Management,REKSA DANA PENDAPATAN TETAP SUCORINVEST STABLE FUND
PTSayakayaLahirBatin,PT Pinnacle Persada Investama,REKSA DANA PINNACLE INDONESIA BOND FUND
PTSayakayaLahirBatin,PT Pinnacle Persada Investama,REKSA DANA PINNACLE MONEY MARKET FUND
PTSayakayaLahirBatin,PT Pinnacle Persada Investama,REKSA DANA PINNACLE STRATEGIC EQUITY FUND
PTSayakayaLahirBatin,PT Sucorinvest Asset Management,Reksa Dana Sucorinvest Citra Dana Berimbang
PTSayakayaLahirBatin,PT Sucorinvest Asset Management,Reksa Dana Sucorinvest Equity Fund
PTSayakayaLahirBatin,PT Sucorinvest Asset Management,Reksa Dana Sucorinvest Flexi Fund
PTSayakayaLahirBatin,PT Sucorinvest Asset Management,Reksa Dana Sucorinvest Maxi Fund
PTSayakayaLahirBatin,PT Sucorinvest Asset Management,Reksa Dana Sucorinvest Money Market Fund
PTSayakayaLahirBatin,PT Sucorinvest Asset Management,REKSA DANA SUCORINVEST PREMIUM FUND
PTSayakayaLahirBatin,PT Sucorinvest Asset Management,REKSA DANA SUCORINVEST SAHAM DINAMIS
PTSayakayaLahirBatin,PT Sucorinvest Asset Management,Reksa Dana Sucorinvest Sharia Equity Fund
PTSayakayaLahirBatin,PT Sucorinvest Asset Management,REKSA DANA SUCORINVEST SUSTAINABILITY EQUITY FUND
PTSayakayaLahirBatin,PT SYAILENDRA CAPITAL,REKSA DANA SYAILENDRA BALANCED OPPORTUNITY FUND KELAS A
PTSayakayaLahirBatin,PT SYAILENDRA CAPITAL,REKSA DANA SYAILENDRA DANA KAS
PTSayakayaLahirBatin,PT SYAILENDRA CAPITAL,REKSA DANA SYAILENDRA EQUITY OPPORTUNITY FUND KELAS A
PTSayakayaLahirBatin,PT SYAILENDRA CAPITAL,REKSA DANA SYAILENDRA FIXED INCOME FUND
PTSayakayaLahirBatin,PT SYAILENDRA CAPITAL,REKSA DANA SYAILENDRA PENDAPATAN TETAP PREMIUM
PTSayakayaLahirBatin,PT Avrist Asset Management,REKSA DANA SYARIAH AVRIST ADA LIQUID SYARIAH
PTSayakayaLahirBatin,PT. Bahana TCW Investment Management,REKSA DANA SYARIAH BAHANA MES SYARIAH FUND Kelas G
PTSayakayaLahirBatin,PT Sucorinvest Asset Management,REKSA DANA SYARIAH BERBASIS SUKUK SUCORINVEST SHARIA SUKUK FUND
PTSayakayaLahirBatin,PT BNI Asset Management,REKSA DANA SYARIAH BNI AM DANA PENDAPATAN TETAP SYARIAH ARDHANI
PTSayakayaLahirBatin,PT BNI Asset Management,REKSA DANA SYARIAH CAMPURAN BNI AM PRIORITAS MINDI
PTSayakayaLahirBatin,PT Sucorinvest Asset Management,REKSA DANA SYARIAH SUCORINVEST SHARIA BALANCED FUND
PTSayakayaLahirBatin,PT Sucorinvest Asset Management,Reksa Dana Syariah Sucorinvest Sharia Money Market Fund
PTSayakayaLahirBatin,PT Sucorinvest Asset Management,REKSA DANA SYARIAH SUCORINVEST SHARIA SUSTAINABILITY EQUITY FUND
PTSayakayaLahirBatin,PT SYAILENDRA CAPITAL,Reksa Dana Syariah Syailendra Sharia Money Market Fund
PTSayakayaLahirBatin,PT Trimegah Asset Management,Reksa Dana Syariah Trimegah Dana Tetap Syariah
PTSayakayaLahirBatin,PT KISI Asset Management,REKSA DANA TERPROTEKSI KISI PROTECTED FUND
PTSayakayaLahirBatin,PT Trimegah Asset Management,Reksa Dana TRIM Dana Tetap 2
PTSayakayaLahirBatin,PT Trimegah Asset Management,REKSA DANA TRIM KAPITAL PLUS
PTSayakayaLahirBatin,PT Trimegah Asset Management,REKSA DANA TRIM KAS 2 KELAS A
PTSayakayaLahirBatin,PT Trimegah Asset Management,REKSA DANA TRIM SYARIAH BERIMBANG
PTSayakayaLahirBatin,PT Trimegah Asset Management,REKSA DANA TRIM SYARIAH SAHAM
PTSayakayaLahirBatin,PT Trimegah Asset Management,REKSA DANA TRIMEGAH BALANCED ABSOLUTE STRATEGY KELAS A
PTSayakayaLahirBatin,PT Trimegah Asset Management,REKSA DANA TRIMEGAH FIXED INCOME PLAN
PTSayakayaLahirBatin,PT Trimegah Asset Management,REKSA DANA TRIMEGAH KAS SYARIAH
