PTSinarmasSekuritas,PT Sinarmas Asset Management,Danamas Pasti
PTSinarmasSekuritas,PT Sinarmas Asset Management,Danamas Rupiah
PTSinarmasSekuritas,PT Sinarmas Asset Management,DANAMAS RUPIAH PLUS
PTSinarmasSekuritas,PT Sinarmas Asset Management,DANAMAS STABIL
PTSinarmasSekuritas,PT Sinarmas Asset Management,REKSA DANA DANAMAS FLEKSI
PTSinarmasSekuritas,PT Sinarmas Asset Management,Reksa Dana Indeks Simas Sri Kehati
PTSinarmasSekuritas,PT Shinhan Asset Management Indonesia,REKSA DANA PENYERTAAN TERBATAS SHINHAN MANUFAKTUR I
PTSinarmasSekuritas,PT Sinarmas Asset Management,REKSA DANA SIMAS DANAMAS INSTRUMEN NEGARA
PTSinarmasSekuritas,PT Sinarmas Asset Management,REKSA DANA SIMAS DANAMAS SAHAM
PTSinarmasSekuritas,PT Sinarmas Asset Management,REKSA DANA SIMAS KAS PRIMA
PTSinarmasSekuritas,PT Sinarmas Asset Management,REKSA DANA SIMAS SAHAM BERTUMBUH
PTSinarmasSekuritas,PT Sinarmas Asset Management,REKSA DANA SIMAS SAHAM MAKSIMA
PTSinarmasSekuritas,PT Sinarmas Asset Management,REKSA DANA SIMAS SAHAM UNGGULAN
PTSinarmasSekuritas,PT Sinarmas Asset Management,REKSA DANA SIMAS SATU
PTSinarmasSekuritas,PT Sinarmas Asset Management,REKSA DANA SIMAS SATU PRIMA
PTSinarmasSekuritas,PT Sinarmas Asset Management,REKSA DANA SIMAS SYARIAH BERKEMBANG
PTSinarmasSekuritas,PT Sinarmas Asset Management,REKSA DANA SIMAS SYARIAH UNGGULAN
PTSinarmasSekuritas,PT Sinarmas Asset Management,Reksa Dana Syariah Simas Balance Syariah
PTSinarmasSekuritas,PT Sinarmas Asset Management,Reksa Dana Syariah Simas Syariah Pendapatan Tetap
PTSinarmasSekuritas,PT.Prospera Asset Management,REKSA DANA TERPROTEKSI PROSPERA PROTEKSI V
PTSinarmasSekuritas,PT Surya Timur Alam Raya Asset Management,REKSA DANA TERPROTEKSI STAR PROTECTED IX
PTSinarmasSekuritas,PT Surya Timur Alam Raya Asset Management,REKSA DANA TERPROTEKSI STAR PROTECTED X
PTSinarmasSekuritas,PT Surya Timur Alam Raya Asset Management,REKSA DANA TERPROTEKSI STAR PROTECTED XII
