PTStarMercatoCapitale,PT Batavia Prosperindo Aset Manajemen,BATAVIA DANA DINAMIS
PTStarMercatoCapitale,PT Batavia Prosperindo Aset Manajemen,BATAVIA DANA SAHAM
PTStarMercatoCapitale,PT Batavia Prosperindo Aset Manajemen,BATAVIA DANA SAHAM OPTIMAL
PTStarMercatoCapitale,PT Batavia Prosperindo Aset Manajemen,BATAVIA DANA SAHAM SYARIAH
PTStarMercatoCapitale,PT Pinnacle Persada Investama,RD SYARIAH PINNACLE SHARIA MONEY MARKET FUND
PTStarMercatoCapitale,PT. Bahana TCW Investment Management,Reksa Dana ABF Indonesia Bond Index Fund
PTStarMercatoCapitale,PT. Bahana TCW Investment Management,REKSA DANA BAHANA DANA EKUITAS PRIMA
PTStarMercatoCapitale,PT. Bahana TCW Investment Management,REKSA DANA BAHANA DANA LIKUID
PTStarMercatoCapitale,PT. Bahana TCW Investment Management,REKSA DANA BAHANA PENDAPATAN TETAP MAKARA PRIMA KELAS G
PTStarMercatoCapitale,PT. Bahana TCW Investment Management,REKSA DANA BAHANA QUANT STRATEGY
