PTSucorSekuritas,PT Sucorinvest Asset Management,Reksa Dana Balanced Fund Sucorinvest Anak Pintar
PTSucorSekuritas,PT Sucorinvest Asset Management,REKSA DANA INDEKS SUCORINVEST IDX30
PTSucorSekuritas,PT Sucorinvest Asset Management,Reksa Dana Pendapatan Tetap Reksa Dana Sucorinvest Bond Fund
PTSucorSekuritas,PT Sucorinvest Asset Management,REKSA DANA PENDAPATAN TETAP SUCORINVEST MONTHLY INCOME FUND
PTSucorSekuritas,PT Sucorinvest Asset Management,REKSA DANA PENDAPATAN TETAP SUCORINVEST STABLE FUND
PTSucorSekuritas,PT Sucorinvest Asset Management,Reksa Dana Sucorinvest Citra Dana Berimbang
PTSucorSekuritas,PT Sucorinvest Asset Management,Reksa Dana Sucorinvest Equity Fund
PTSucorSekuritas,PT Sucorinvest Asset Management,Reksa Dana Sucorinvest Flexi Fund
PTSucorSekuritas,PT Sucorinvest Asset Management,Reksa Dana Sucorinvest Maxi Fund
PTSucorSekuritas,PT Sucorinvest Asset Management,Reksa Dana Sucorinvest Money Market Fund
