PTSuryaFajarSekuritas,PT Sinarmas Asset Management,Danamas Pasti
PTSuryaFajarSekuritas,PT Sinarmas Asset Management,DANAMAS RUPIAH PLUS
PTSuryaFajarSekuritas,PT Sinarmas Asset Management,DANAMAS STABIL
PTSuryaFajarSekuritas,PT Insight Investments Management,REKSA DANA  INSIGHT MONEY
PTSuryaFajarSekuritas,PT Asiantrust Asset Management,REKSA DANA ASIANTRUST BALANCED FUND
PTSuryaFajarSekuritas,PT Asiantrust Asset Management,REKSA DANA ASIANTRUST CASH FUND
PTSuryaFajarSekuritas,PT Capital Asset Management,REKSA DANA CAPITAL BALANCED GROWTH
PTSuryaFajarSekuritas,PT Capital Asset Management,REKSA DANA CAPITAL FIXED INCOME FUND
PTSuryaFajarSekuritas,PT Capital Asset Management,REKSA DANA CAPITAL MONEY MARKET FUND
PTSuryaFajarSekuritas,PT Capital Asset Management,REKSA DANA CAPITAL OPTIMAL CASH
PTSuryaFajarSekuritas,PT Capital Asset Management,REKSA DANA CAPITAL OPTIMAL EQUITY
PTSuryaFajarSekuritas,PT Sinarmas Asset Management,REKSA DANA DANAMAS FLEKSI
PTSuryaFajarSekuritas,PT Henan Putihrai Asset Management,REKSA DANA HPAM FLEXI PLUS
PTSuryaFajarSekuritas,PT Henan Putihrai Asset Management,REKSA DANA HPAM SAHAM DINAMIS
PTSuryaFajarSekuritas,PT Henan Putihrai Asset Management,REKSA DANA HPAM ULTIMA EKUITAS 1
PTSuryaFajarSekuritas,PT Henan Putihrai Asset Management,REKSA DANA HPAM ULTIMA MONEY MARKET
PTSuryaFajarSekuritas,PT Sinarmas Asset Management,Reksa Dana Indeks Simas Sri Kehati
PTSuryaFajarSekuritas,PT Insight Investments Management,REKSA DANA INSIGHT RENEWABLE ENERGY FUND
PTSuryaFajarSekuritas,PT Victoria Manajemen Investasi,REKSA DANA LANCAR VICTORIA MERKURIUS
PTSuryaFajarSekuritas,PT Pinnacle Persada Investama,REKSA DANA PINNACLE INDONESIA BOND FUND
PTSuryaFajarSekuritas,PT Pinnacle Persada Investama,REKSA DANA PINNACLE MONEY MARKET FUND
PTSuryaFajarSekuritas,PT Pinnacle Persada Investama,REKSA DANA PINNACLE STRATEGIC EQUITY FUND
PTSuryaFajarSekuritas,PT.Prospera Asset Management,Reksa Dana Prospera Balance Return Optimiser
PTSuryaFajarSekuritas,PT.Prospera Asset Management,REKSA DANA PROSPERA DANA LANCAR
PTSuryaFajarSekuritas,PT.Prospera Asset Management,REKSA DANA PROSPERA OBLIGASI
PTSuryaFajarSekuritas,PT.Prospera Asset Management,REKSA DANA Prospera Saham SMC
PTSuryaFajarSekuritas,PT Samuel Aset Manajemen,Reksa Dana SAM Dana Kas
PTSuryaFajarSekuritas,PT Samuel Aset Manajemen,REKSA DANA SAM SUKUK SYARIAH SEJAHTERA
PTSuryaFajarSekuritas,PT Shinhan Asset Management Indonesia,Reksa Dana Shinhan Balance Fund
PTSuryaFajarSekuritas,PT Shinhan Asset Management Indonesia,Reksa Dana Shinhan Equity Growth
PTSuryaFajarSekuritas,PT Shinhan Asset Management Indonesia,REKSA DANA SHINHAN FIXED INCOME FUND
PTSuryaFajarSekuritas,PT Sinarmas Asset Management,REKSA DANA SIMAS DANAMAS INSTRUMEN NEGARA
PTSuryaFajarSekuritas,PT Sinarmas Asset Management,REKSA DANA SIMAS SAHAM MAKSIMA
PTSuryaFajarSekuritas,PT Sinarmas Asset Management,REKSA DANA SIMAS SAHAM UNGGULAN
PTSuryaFajarSekuritas,PT Sinarmas Asset Management,REKSA DANA SIMAS SATU
PTSuryaFajarSekuritas,PT Surya Timur Alam Raya Asset Management,REKSA DANA STAR BALANCED
PTSuryaFajarSekuritas,PT Surya Timur Alam Raya Asset Management,REKSA DANA STAR MONEY MARKET KELAS UTAMA
PTSuryaFajarSekuritas,PT Surya Timur Alam Raya Asset Management,REKSA DANA STAR STABLE INCOME FUND
PTSuryaFajarSekuritas,PT Surya Timur Alam Raya Asset Management,REKSA DANA STAR SUSTAINABLE EQUITY
PTSuryaFajarSekuritas,PT Samuel Aset Manajemen,Reksa Dana Syariah SAM Dana Likuid Syariah
PTSuryaFajarSekuritas,PT Trimegah Asset Management,REKSA DANA TRIM KAS 2 KELAS A
PTSuryaFajarSekuritas,PT Trimegah Asset Management,REKSA DANA TRIMEGAH BALANCED ABSOLUTE STRATEGY KELAS A
PTSuryaFajarSekuritas,PT Victoria Manajemen Investasi,REKSA DANA VICTORIA FIXED INCOME
PTSuryaFajarSekuritas,PT Shinhan Asset Management Indonesia,REKSADANA SHINHAN MONEY MARKET FUND
