PTSupermarketReksaDanaIndonesia,PT Sinarmas Asset Management,Danamas Pasti
PTSupermarketReksaDanaIndonesia,PT Sinarmas Asset Management,DANAMAS STABIL
PTSupermarketReksaDanaIndonesia,PT Kresna Asset Management,Mrs Cash Kresna
PTSupermarketReksaDanaIndonesia,PT Pinnacle Persada Investama,RD SYARIAH PINNACLE SHARIA MONEY MARKET FUND
PTSupermarketReksaDanaIndonesia,PT Allianz Global Investors Asset Management Indonesia,REKSA DANA ALLIANZ ALPHA SECTOR ROTATION
PTSupermarketReksaDanaIndonesia,PT Allianz Global Investors Asset Management Indonesia,REKSA DANA ALLIANZ FIXED INCOME FUND 2
PTSupermarketReksaDanaIndonesia,PT Allianz Global Investors Asset Management Indonesia,REKSA DANA ALLIANZ INDO ASIA EQUITY FUND
PTSupermarketReksaDanaIndonesia,PT Allianz Global Investors Asset Management Indonesia,REKSA DANA ALLIANZ RUPIAH LIQUID FUND
PTSupermarketReksaDanaIndonesia,PT Avrist Asset Management,REKSA DANA AVRIST BOND FUND
PTSupermarketReksaDanaIndonesia,PT Avrist Asset Management,REKSA DANA AVRIST EQUITY GROWTH FUND
PTSupermarketReksaDanaIndonesia,PT Avrist Asset Management,REKSA DANA AVRIST LIQUID FUND
PTSupermarketReksaDanaIndonesia,PT Avrist Asset Management,Reksa Dana Avrist Prime Income Fund
PTSupermarketReksaDanaIndonesia,PT BNI Asset Management,REKSA DANA BNI AM DANA LIKUID
PTSupermarketReksaDanaIndonesia,PT BNI Asset Management,REKSA DANA BNIAM DANA SAHAM INSPIRING EQUITY FUND
PTSupermarketReksaDanaIndonesia,PT Capital Asset Management,REKSA DANA CAPITAL FIXED INCOME FUND
PTSupermarketReksaDanaIndonesia,PT Capital Asset Management,REKSA DANA CAPITAL MONEY MARKET FUND
PTSupermarketReksaDanaIndonesia,PT Capital Asset Management,REKSA DANA CAPITAL OPTIMAL EQUITY
PTSupermarketReksaDanaIndonesia,PT CIPTADANA ASSET MANAGEMENT,REKSA DANA CIPTA BOND
PTSupermarketReksaDanaIndonesia,PT CIPTADANA ASSET MANAGEMENT,REKSA DANA CIPTA DANA CASH
PTSupermarketReksaDanaIndonesia,PT CIPTADANA ASSET MANAGEMENT,REKSA DANA CIPTA DINAMIKA
PTSupermarketReksaDanaIndonesia,PT CIPTADANA ASSET MANAGEMENT,Reksa Dana Cipta Saham Unggulan
PTSupermarketReksaDanaIndonesia,PT CIPTADANA ASSET MANAGEMENT,REKSA DANA CIPTA SYARIAH BALANCE
PTSupermarketReksaDanaIndonesia,PT CIPTADANA ASSET MANAGEMENT,REKSA DANA CIPTA SYARIAH EQUITY
PTSupermarketReksaDanaIndonesia,PT Danakita Investama,Reksa Dana Danakita Stabil Pasar Uang
PTSupermarketReksaDanaIndonesia,PT BRI MANAJEMEN INVESTASI,REKSA DANA DANAREKSA ANGGREK FLEKSIBEL
PTSupermarketReksaDanaIndonesia,PT BRI MANAJEMEN INVESTASI,REKSA DANA DANAREKSA MAWAR FOKUS 10
PTSupermarketReksaDanaIndonesia,PT BRI MANAJEMEN INVESTASI,REKSA DANA DANAREKSA MAWAR KONSUMER 10 KELAS A
PTSupermarketReksaDanaIndonesia,PT BRI MANAJEMEN INVESTASI,Reksa Dana Danareksa Melati Pendapatan Utama
PTSupermarketReksaDanaIndonesia,PT. Emco Asset Management,REKSA DANA EMCO MANTAP
PTSupermarketReksaDanaIndonesia,PT FWD Asset Management,REKSA DANA FWD ASSET AGGRESSIVE BALANCED FUND
PTSupermarketReksaDanaIndonesia,PT FWD Asset Management,REKSA DANA FWD ASSET BALANCED FUND
PTSupermarketReksaDanaIndonesia,PT FWD Asset Management,REKSA DANA FWD ASSET BOND FUND
PTSupermarketReksaDanaIndonesia,PT FWD Asset Management,REKSA DANA FWD ASSET DIVIDEND YIELD EQUITY FUND
PTSupermarketReksaDanaIndonesia,PT FWD Asset Management,REKSA DANA FWD ASSET HIGH CONVICTION EQUITY FUND
PTSupermarketReksaDanaIndonesia,PT FWD Asset Management,REKSA DANA FWD ASSET MONEY MARKET FUND
PTSupermarketReksaDanaIndonesia,PT FWD Asset Management,REKSA DANA FWD ASSET SECTORAL EQUITY FUND
PTSupermarketReksaDanaIndonesia,PT FWD Asset Management,REKSA DANA FWD ASSET VALUE SELECT EQUITY FUND
PTSupermarketReksaDanaIndonesia,PT Henan Putihrai Asset Management,REKSA DANA HPAM FLEXI PLUS
PTSupermarketReksaDanaIndonesia,PT Henan Putihrai Asset Management,REKSA DANA HPAM SYARIAH EKUITAS
PTSupermarketReksaDanaIndonesia,PT Henan Putihrai Asset Management,REKSA DANA HPAM ULTIMA EKUITAS 1
PTSupermarketReksaDanaIndonesia,PT Henan Putihrai Asset Management,REKSA DANA HPAM ULTIMA MONEY MARKET
PTSupermarketReksaDanaIndonesia,PT Allianz Global Investors Asset Management Indonesia,REKSA DANA INDEKS ALLIANZ SRI KEHATI INDEX FUND
PTSupermarketReksaDanaIndonesia,PT Ashmore Asset Management Indonesia,REKSA DANA INDEKS ASHMORE IDX 30 EQUITY FUND
PTSupermarketReksaDanaIndonesia,PT BNI Asset Management,REKSA DANA INDEKS BNI AM INDEKS IDX30
PTSupermarketReksaDanaIndonesia,PT Principal Asset Management,REKSA DANA INDEKS PRINCIPAL INDEX IDX30
PTSupermarketReksaDanaIndonesia,PT Principal Asset Management,REKSA DANA INDEKS PRINCIPAL INDEX IDX30 KELAS O
PTSupermarketReksaDanaIndonesia,PT SYAILENDRA CAPITAL,REKSA DANA INDEKS SYAILENDRA MSCI INDONESIA VALUE INDEX FUND KELAS A
PTSupermarketReksaDanaIndonesia,PT Kresna Asset Management,REKSA DANA KRESNA FLEXIMA
PTSupermarketReksaDanaIndonesia,PT Kresna Asset Management,REKSA DANA KRESNA INDEKS 45
PTSupermarketReksaDanaIndonesia,PT MNC Asset Management,REKSA DANA MNC DANA EKUITAS
PTSupermarketReksaDanaIndonesia,PT MNC Asset Management,REKSA DANA MNC DANA KOMBINASI ICON
PTSupermarketReksaDanaIndonesia,PT MNC Asset Management,REKSA DANA MNC DANA LANCAR
PTSupermarketReksaDanaIndonesia,PT MNC Asset Management,REKSA DANA MNC DANA LIKUID
PTSupermarketReksaDanaIndonesia,PT MNC Asset Management,REKSA DANA MNC DANA SBN
PTSupermarketReksaDanaIndonesia,PT MNC Asset Management,REKSA DANA MNC DANA SYARIAH
PTSupermarketReksaDanaIndonesia,PT MNC Asset Management,REKSA DANA MNC DANA SYARIAH EKUITAS
PTSupermarketReksaDanaIndonesia,PT BNI Asset Management,REKSA DANA PENDAPATAN TETAP BNI AM QUALITY LONG DURATION FUND
PTSupermarketReksaDanaIndonesia,PT Sucorinvest Asset Management,Reksa Dana Pendapatan Tetap Reksa Dana Sucorinvest Bond Fund
PTSupermarketReksaDanaIndonesia,PT Sucorinvest Asset Management,REKSA DANA PENDAPATAN TETAP SUCORINVEST STABLE FUND
PTSupermarketReksaDanaIndonesia,PT. UOB Asset Management Indonesia,REKSA DANA PENDAPATAN TETAP UOBAM INOVASI OBLIGASI NASIONAL
PTSupermarketReksaDanaIndonesia,PT Pinnacle Persada Investama,REKSA DANA PINNACLE INDONESIA BOND FUND
PTSupermarketReksaDanaIndonesia,PT Pinnacle Persada Investama,REKSA DANA PINNACLE MONEY MARKET FUND
PTSupermarketReksaDanaIndonesia,PT Pinnacle Persada Investama,REKSA DANA PINNACLE STRATEGIC EQUITY FUND
PTSupermarketReksaDanaIndonesia,PT PNM Investment Management,REKSA DANA PNM AMANAH SYARIAH KELAS A
PTSupermarketReksaDanaIndonesia,PT PNM Investment Management,REKSA DANA PNM DANA SURAT BERHARGA NEGARA II KELAS A
PTSupermarketReksaDanaIndonesia,PT PNM Investment Management,REKSA DANA PNM EKUITAS SYARIAH
PTSupermarketReksaDanaIndonesia,PT PNM Investment Management,REKSA DANA PNM SAHAM UNGGULAN
PTSupermarketReksaDanaIndonesia,PT PNM Investment Management,REKSA DANA PNM SYARIAH
PTSupermarketReksaDanaIndonesia,PT Principal Asset Management,REKSA DANA PRINCIPAL CASH FUND
PTSupermarketReksaDanaIndonesia,PT Principal Asset Management,REKSA DANA PRINCIPAL PHILANTHROPY SOCIAL IMPACT BOND FUND
PTSupermarketReksaDanaIndonesia,PT Principal Asset Management,REKSA DANA PRINCIPAL SMART EQUITY FUND
PTSupermarketReksaDanaIndonesia,PT Principal Asset Management,REKSA DANA PRINCIPAL TOTAL RETURN EQUITY FUND KELAS O
PTSupermarketReksaDanaIndonesia,PT CIPTADANA ASSET MANAGEMENT,REKSA DANA RENCANA CERDAS
PTSupermarketReksaDanaIndonesia,PT Kresna Asset Management,Reksa Dana Saham Kresna Prima
PTSupermarketReksaDanaIndonesia,PT. UOB Asset Management Indonesia,REKSA DANA SAHAM UOBAM SUSTAINABLE EQUITY INDONESIA
PTSupermarketReksaDanaIndonesia,PT Sinarmas Asset Management,REKSA DANA SIMAS SAHAM UNGGULAN
PTSupermarketReksaDanaIndonesia,PT Sinarmas Asset Management,REKSA DANA SIMAS SATU
PTSupermarketReksaDanaIndonesia,PT Surya Timur Alam Raya Asset Management,REKSA DANA STAR BALANCED
PTSupermarketReksaDanaIndonesia,PT Surya Timur Alam Raya Asset Management,REKSA DANA STAR FIXED INCOME DOLLAR
PTSupermarketReksaDanaIndonesia,PT Surya Timur Alam Raya Asset Management,REKSA DANA STAR MONEY MARKET KELAS UTAMA
PTSupermarketReksaDanaIndonesia,PT Surya Timur Alam Raya Asset Management,REKSA DANA STAR STABLE INCOME FUND
PTSupermarketReksaDanaIndonesia,PT Surya Timur Alam Raya Asset Management,REKSA DANA STAR SUSTAINABLE EQUITY
PTSupermarketReksaDanaIndonesia,PT Sucorinvest Asset Management,Reksa Dana Sucorinvest Equity Fund
PTSupermarketReksaDanaIndonesia,PT Sucorinvest Asset Management,Reksa Dana Sucorinvest Flexi Fund
PTSupermarketReksaDanaIndonesia,PT Sucorinvest Asset Management,Reksa Dana Sucorinvest Maxi Fund
PTSupermarketReksaDanaIndonesia,PT Sucorinvest Asset Management,Reksa Dana Sucorinvest Money Market Fund
PTSupermarketReksaDanaIndonesia,PT Sucorinvest Asset Management,Reksa Dana Sucorinvest Sharia Equity Fund
PTSupermarketReksaDanaIndonesia,PT SYAILENDRA CAPITAL,REKSA DANA SYAILENDRA EQUITY OPPORTUNITY FUND KELAS A
PTSupermarketReksaDanaIndonesia,PT SYAILENDRA CAPITAL,REKSA DANA SYAILENDRA FIXED INCOME FUND
PTSupermarketReksaDanaIndonesia,PT Avrist Asset Management,Reksa Dana Syariah Avrist Sukuk Income Fund
PTSupermarketReksaDanaIndonesia,PT Capital Asset Management,REKSA DANA SYARIAH CAPITAL SHARIA MONEY MARKET
PTSupermarketReksaDanaIndonesia,PT CIPTADANA ASSET MANAGEMENT,REKSA DANA SYARIAH CIPTA SAHAM UNGGULAN SYARIAH
PTSupermarketReksaDanaIndonesia,PT Principal Asset Management,REKSA DANA SYARIAH PRINCIPAL ISLAMIC ASIA PACIFIC EQUITY SYARIAH USD
PTSupermarketReksaDanaIndonesia,PT Surya Timur Alam Raya Asset Management,REKSA DANA SYARIAH STAR SHARIA MONEY MARKET
PTSupermarketReksaDanaIndonesia,PT Sucorinvest Asset Management,Reksa Dana Syariah Sucorinvest Sharia Money Market Fund
PTSupermarketReksaDanaIndonesia,PT Trimegah Asset Management,Reksa Dana Syariah Trimegah Dana Tetap Syariah
PTSupermarketReksaDanaIndonesia,PT Victoria Manajemen Investasi,REKSA DANA SYARIAH VICTORIA OBLIGASI NEGARA SYARIAH
PTSupermarketReksaDanaIndonesia,PT Victoria Manajemen Investasi,REKSA DANA SYARIAH VICTORIA PASAR UANG SYARIAH
PTSupermarketReksaDanaIndonesia,PT Trimegah Asset Management,REKSA DANA TERPROTEKSI TRIMEGAH TERPROTEKSI PRIMA 31
PTSupermarketReksaDanaIndonesia,PT Trimegah Asset Management,REKSA DANA TRAM CONSUMPTION PLUS KELAS A
PTSupermarketReksaDanaIndonesia,PT Trimegah Asset Management,Reksa Dana TRAM Infrastructure Plus
PTSupermarketReksaDanaIndonesia,PT Trimegah Asset Management,Reksa Dana TRAM Pendapatan Tetap USD
PTSupermarketReksaDanaIndonesia,PT Trimegah Asset Management,Reksa Dana TRAM Strategic Plus
PTSupermarketReksaDanaIndonesia,PT Trimegah Asset Management,REKSA DANA TRIM KAS 2 KELAS A
PTSupermarketReksaDanaIndonesia,PT Trimegah Asset Management,REKSA DANA TRIM KOMBINASI 2
PTSupermarketReksaDanaIndonesia,PT Trimegah Asset Management,REKSA DANA TRIM SYARIAH BERIMBANG
PTSupermarketReksaDanaIndonesia,PT Trimegah Asset Management,REKSA DANA TRIM SYARIAH SAHAM
PTSupermarketReksaDanaIndonesia,PT Trimegah Asset Management,REKSA DANA TRIMEGAH BALANCED ABSOLUTE STRATEGY KELAS A
PTSupermarketReksaDanaIndonesia,PT Trimegah Asset Management,REKSA DANA TRIMEGAH DANA KAS 1
PTSupermarketReksaDanaIndonesia,PT Trimegah Asset Management,REKSA DANA TRIMEGAH FIXED INCOME PLAN
PTSupermarketReksaDanaIndonesia,PT Trimegah Asset Management,REKSA DANA TRIMEGAH KAS SYARIAH
PTSupermarketReksaDanaIndonesia,PT Victoria Manajemen Investasi,REKSA DANA VICTORIA FIXED INCOME
PTSupermarketReksaDanaIndonesia,PT Danakita Investama,REKSADANA DANAKITA INVESTASI FLEKSIBEL
PTSupermarketReksaDanaIndonesia,PT Danakita Investama,REKSADANA DANAKITA SAHAM PRIORITAS
