PTTakjubTeknologiIndonesia,PT Avrist Asset Management,Avrist Balanced Amar Syariah
PTTakjubTeknologiIndonesia,PT Avrist Asset Management,Avrist Equity Amar Syariah
PTTakjubTeknologiIndonesia,PT Batavia Prosperindo Aset Manajemen,BATAVIA DANA DINAMIS
PTTakjubTeknologiIndonesia,PT Batavia Prosperindo Aset Manajemen,BATAVIA DANA SAHAM
PTTakjubTeknologiIndonesia,PT Batavia Prosperindo Aset Manajemen,BATAVIA DANA SAHAM SYARIAH
PTTakjubTeknologiIndonesia,PT Sinarmas Asset Management,Danamas Pasti
PTTakjubTeknologiIndonesia,PT Sinarmas Asset Management,DANAMAS RUPIAH PLUS
PTTakjubTeknologiIndonesia,PT Sinarmas Asset Management,DANAMAS STABIL
PTTakjubTeknologiIndonesia,PT Kresna Asset Management,Mrs Cash Kresna
PTTakjubTeknologiIndonesia,PT. Phillip Asset Management,PHILLIP GOVERNMENT BOND
