PTTrustSekuritas,PT Sinarmas Asset Management,DANAMAS RUPIAH PLUS
PTTrustSekuritas,PT Sinarmas Asset Management,DANAMAS STABIL
PTTrustSekuritas,PT. Phillip Asset Management,Phillip Money Market Fund
PTTrustSekuritas,PT Insight Investments Management,RD HAJI SYARIAH I HAJJ
PTTrustSekuritas,PT Insight Investments Management,REKSA DANA  INSIGHT MONEY
PTTrustSekuritas,PT Insight Investments Management,REKSA DANA  INSIGHT MONEY SYARIAH
PTTrustSekuritas,PT Avrist Asset Management,REKSA DANA AVRIST BOND FUND
PTTrustSekuritas,PT Avrist Asset Management,REKSA DANA AVRIST EQUITY GROWTH FUND
PTTrustSekuritas,PT Avrist Asset Management,REKSA DANA AVRIST LIQUID FUND
PTTrustSekuritas,PT Avrist Asset Management,Reksa Dana Avrist Prime Income Fund
PTTrustSekuritas,PT BNI Asset Management,REKSA DANA BNI AM DANA LIKUID
PTTrustSekuritas,PT BNI Asset Management,Reksa Dana BNI AM Dana Pendapatan Tetap Makara Investasi
PTTrustSekuritas,PT BNI Asset Management,REKSA DANA BNIAM DANA SAHAM SYARIAH MUSAHAMAH
PTTrustSekuritas,PT. Eastspring Investments Indonesia,REKSA DANA EASTSPRING IDR FIXED INCOME FUND KELAS A
PTTrustSekuritas,PT. Eastspring Investments Indonesia,REKSA DANA EASTSPRING INVESTMENTS CASH RESERVE KELAS A
PTTrustSekuritas,PT. Eastspring Investments Indonesia,REKSA DANA EASTSPRING INVESTMENTS IDR HIGH GRADE KELAS A
PTTrustSekuritas,PT. Eastspring Investments Indonesia,REKSA DANA EASTSPRING INVESTMENTS VALUE DISCOVERY KELAS A
PTTrustSekuritas,PT Avrist Asset Management,REKSA DANA INDEKS AVRIST IDX30
PTTrustSekuritas,PT BNI Asset Management,REKSA DANA INDEKS BNI AM INDEKS IDX30
PTTrustSekuritas,PT. Eastspring Investments Indonesia,REKSA DANA INDEKS EASTSPRING IDX ESG LEADERS PLUS KELAS A
PTTrustSekuritas,PT Sinarmas Asset Management,Reksa Dana Indeks Simas Sri Kehati
PTTrustSekuritas,PT KISI Asset Management,REKSA DANA KISI EQUITY FUND
PTTrustSekuritas,PT KISI Asset Management,REKSA DANA KISI FIXED INCOME FUND
PTTrustSekuritas,PT KISI Asset Management,REKSA DANA KISI MONEY MARKET FUND
PTTrustSekuritas,PT Anargya Aset Manajemen,REKSA DANA PENDAPATAN TETAP ANARGYA SUPERGROWTH
PTTrustSekuritas,PT BNI Asset Management,REKSA DANA PENDAPATAN TETAP BNI AM QUALITY LONG DURATION FUND
PTTrustSekuritas,PT Sucorinvest Asset Management,Reksa Dana Pendapatan Tetap Reksa Dana Sucorinvest Bond Fund
PTTrustSekuritas,PT Pinnacle Persada Investama,REKSA DANA PINNACLE INDONESIA BOND FUND
PTTrustSekuritas,PT Pinnacle Persada Investama,REKSA DANA PINNACLE MONEY MARKET FUND
PTTrustSekuritas,PT Pinnacle Persada Investama,REKSA DANA PINNACLE STRATEGIC EQUITY FUND
PTTrustSekuritas,PT. Eastspring Investments Indonesia,REKSA DANA SAHAM EASTSPRING INVESTMENTS ALPHA NAVIGATOR KELAS A
PTTrustSekuritas,PT Samuel Aset Manajemen,Reksa Dana SAM Dana Kas
PTTrustSekuritas,PT Samuel Aset Manajemen,REKSA DANA SAM SUKUK SYARIAH SEJAHTERA
PTTrustSekuritas,PT Samuel Aset Manajemen,REKSA DANA SAM SYARIAH BERIMBANG
PTTrustSekuritas,PT Shinhan Asset Management Indonesia,Reksa Dana Shinhan Balance Fund
PTTrustSekuritas,PT Shinhan Asset Management Indonesia,Reksa Dana Shinhan Equity Growth
PTTrustSekuritas,PT Shinhan Asset Management Indonesia,REKSA DANA SHINHAN FIXED INCOME FUND
PTTrustSekuritas,PT Sinarmas Asset Management,REKSA DANA SIMAS SAHAM MAKSIMA
PTTrustSekuritas,PT Sinarmas Asset Management,REKSA DANA SIMAS SAHAM UNGGULAN
PTTrustSekuritas,PT Sinarmas Asset Management,REKSA DANA SIMAS SATU
PTTrustSekuritas,PT Sucorinvest Asset Management,Reksa Dana Sucorinvest Citra Dana Berimbang
PTTrustSekuritas,PT Sucorinvest Asset Management,Reksa Dana Sucorinvest Equity Fund
PTTrustSekuritas,PT Sucorinvest Asset Management,Reksa Dana Sucorinvest Flexi Fund
PTTrustSekuritas,PT Sucorinvest Asset Management,Reksa Dana Sucorinvest Maxi Fund
PTTrustSekuritas,PT Sucorinvest Asset Management,Reksa Dana Sucorinvest Money Market Fund
PTTrustSekuritas,PT Sucorinvest Asset Management,Reksa Dana Sucorinvest Sharia Equity Fund
PTTrustSekuritas,PT Anargya Aset Manajemen,REKSA DANA SYARIAH ANARGYA PASAR UANG SUPERNOVA
PTTrustSekuritas,PT Avrist Asset Management,REKSA DANA SYARIAH AVRIST ADA KAS SYARIAH
PTTrustSekuritas,PT Avrist Asset Management,Reksa Dana Syariah Avrist Sukuk Income Fund
PTTrustSekuritas,PT BNI Asset Management,REKSA DANA SYARIAH BNI AM DANA PENDAPATAN TETAP SYARIAH ARDHANI
PTTrustSekuritas,PT. Eastspring Investments Indonesia,REKSA DANA SYARIAH EASTSPRING SYARIAH MONEY MARKET KHAZANAH KELAS A
PTTrustSekuritas,PT Sucorinvest Asset Management,Reksa Dana Syariah Sucorinvest Sharia Money Market Fund
PTTrustSekuritas,PT Victoria Manajemen Investasi,REKSA DANA SYARIAH VICTORIA OBLIGASI NEGARA SYARIAH
PTTrustSekuritas,PT Victoria Manajemen Investasi,REKSA DANA SYARIAH VICTORIA PASAR UANG SYARIAH
PTTrustSekuritas,PT Trimegah Asset Management,REKSA DANA TRIM KAPITAL PLUS
PTTrustSekuritas,PT Trimegah Asset Management,REKSA DANA TRIM KAS 2 KELAS A
PTTrustSekuritas,PT Trimegah Asset Management,REKSA DANA TRIMEGAH BALANCED ABSOLUTE STRATEGY KELAS A
PTTrustSekuritas,PT Trimegah Asset Management,REKSA DANA TRIMEGAH FIXED INCOME PLAN
PTTrustSekuritas,PT Shinhan Asset Management Indonesia,REKSADANA SHINHAN MONEY MARKET FUND
