PTWomanwayInvestasiIndonesia,PT Sinarmas Asset Management,DANAMAS RUPIAH PLUS
PTWomanwayInvestasiIndonesia,PT Sinarmas Asset Management,DANAMAS STABIL
PTWomanwayInvestasiIndonesia,PT CIPTADANA ASSET MANAGEMENT,REKSA DANA CIPTA DANA CASH
PTWomanwayInvestasiIndonesia,PT CIPTADANA ASSET MANAGEMENT,Reksa Dana Cipta Ovo Ekuitas
PTWomanwayInvestasiIndonesia,PT CIPTADANA ASSET MANAGEMENT,Reksa Dana Cipta Saham Unggulan
PTWomanwayInvestasiIndonesia,PT CIPTADANA ASSET MANAGEMENT,REKSA DANA CIPTA SYARIAH BALANCE
PTWomanwayInvestasiIndonesia,PT Sinarmas Asset Management,Reksa Dana Indeks Simas Sri Kehati
PTWomanwayInvestasiIndonesia,PT CIPTADANA ASSET MANAGEMENT,REKSA DANA RENCANA CERDAS
PTWomanwayInvestasiIndonesia,PT Samuel Aset Manajemen,Reksa Dana SAM Beta Plus Equity Fund
PTWomanwayInvestasiIndonesia,PT Samuel Aset Manajemen,Reksa Dana SAM Dana Kas
